country,tm_country,shirt_number,player,player_id,player_profile_url,position,age,club,club_id,club_url,market_value_text,market_value_eur,club_country,competition_name
Algeria,Algeria,23,Luca Zidane,283489,https://www.transfermarkt.com/luca-zidane/profil/spieler/283489,Goalkeeper,28,Granada CF,16795,https://www.transfermarkt.com/fc-granada/startseite/verein/16795,€1.00m,1000000,Spain,Second Tier
Algeria,Algeria,16,Oussama Benbout,437982,https://www.transfermarkt.com/oussama-benbout/profil/spieler/437982,Goalkeeper,31,USM Alger,6772,https://www.transfermarkt.com/usm-algier/startseite/verein/6772,€850k,850000,Algeria,First Tier
Algeria,Algeria,1,Melvin Mastil,534398,https://www.transfermarkt.com/melvin-mastil/profil/spieler/534398,Goalkeeper,26,FC Stade Nyonnais,5507,https://www.transfermarkt.com/fc-stade-nyonnais/startseite/verein/5507,€250k,250000,Switzerland,Second Tier
Algeria,Algeria,21,Ramy Bensebaini,284732,https://www.transfermarkt.com/ramy-bensebaini/profil/spieler/284732,Centre-Back,31,Borussia Dortmund,16,https://www.transfermarkt.com/borussia-dortmund/startseite/verein/16,€7.00m,7000000,Germany,First Tier
Algeria,Algeria,26,Samir Chergui,668167,https://www.transfermarkt.com/samir-chergui/profil/spieler/668167,Centre-Back,27,Paris FC,10004,https://www.transfermarkt.com/paris-fc/startseite/verein/10004,€3.00m,3000000,France,First Tier
Algeria,Algeria,5,Zineddine Belaid,625142,https://www.transfermarkt.com/zineddine-belaid/profil/spieler/625142,Centre-Back,27,JS Kabylie,13366,https://www.transfermarkt.com/js-kabylie/startseite/verein/13366,€1.80m,1800000,Algeria,First Tier
Algeria,Algeria,4,Mohamed Amine Tougai,592396,https://www.transfermarkt.com/mohamed-amine-tougai/profil/spieler/592396,Centre-Back,26,Esperance Tunis,3342,https://www.transfermarkt.com/esperance-tunis/startseite/verein/3342,€1.30m,1300000,Tunisia,First Tier
Algeria,Algeria,2,Aïssa Mandi,80293,https://www.transfermarkt.com/aissa-mandi/profil/spieler/80293,Centre-Back,34,LOSC Lille,1082,https://www.transfermarkt.com/losc-lille/startseite/verein/1082,€1.00m,1000000,France,First Tier
Algeria,Algeria,3,Achref Abada,949929,https://www.transfermarkt.com/achref-abada/profil/spieler/949929,Centre-Back,26,USM Alger,6772,https://www.transfermarkt.com/usm-algier/startseite/verein/6772,€1.00m,1000000,Algeria,First Tier
Algeria,Algeria,15,Rayan Aït-Nouri,578391,https://www.transfermarkt.com/rayan-ait-nouri/profil/spieler/578391,Left-Back,24,Manchester City,281,https://www.transfermarkt.com/manchester-city/startseite/verein/281,€40.00m,40000000,England,First Tier
Algeria,Algeria,13,Jaouen Hadjam,750903,https://www.transfermarkt.com/jaouen-hadjam/profil/spieler/750903,Left-Back,23,BSC Young Boys,452,https://www.transfermarkt.com/bsc-young-boys/startseite/verein/452,€7.00m,7000000,Switzerland,First Tier
Algeria,Algeria,17,Rafik Belghali,864306,https://www.transfermarkt.com/rafik-belghali/profil/spieler/864306,Right-Back,23,Hellas Verona,276,https://www.transfermarkt.com/hellas-verona/startseite/verein/276,€7.00m,7000000,Italy,First Tier
Algeria,Algeria,6,Ramiz Zerrouki,416660,https://www.transfermarkt.com/ramiz-zerrouki/profil/spieler/416660,Defensive Midfield,28,FC Twente Enschede,317,https://www.transfermarkt.com/fc-twente-enschede/startseite/verein/317,€6.50m,6500000,Netherlands,First Tier
Algeria,Algeria,19,Nabil Bentaleb,245537,https://www.transfermarkt.com/nabil-bentaleb/profil/spieler/245537,Defensive Midfield,31,LOSC Lille,1082,https://www.transfermarkt.com/losc-lille/startseite/verein/1082,€4.50m,4500000,France,First Tier
Algeria,Algeria,14,Hicham Boudaoui,560593,https://www.transfermarkt.com/hicham-boudaoui/profil/spieler/560593,Central Midfield,26,OGC Nice,417,https://www.transfermarkt.com/ogc-nizza/startseite/verein/417,€12.00m,12000000,France,First Tier
Algeria,Algeria,24,Yassine Titraoui,748445,https://www.transfermarkt.com/yassine-titraoui/profil/spieler/748445,Central Midfield,22,Royal Charleroi SC,172,https://www.transfermarkt.com/rsc-charleroi/startseite/verein/172,€7.00m,7000000,Belgium,First Tier
Algeria,Algeria,22,Ibrahim Maza,905011,https://www.transfermarkt.com/ibrahim-maza/profil/spieler/905011,Attacking Midfield,20,Bayer 04 Leverkusen,15,https://www.transfermarkt.com/bayer-04-leverkusen/startseite/verein/15,€45.00m,45000000,Germany,First Tier
Algeria,Algeria,10,Farès Chaïbi,855015,https://www.transfermarkt.com/fares-chaibi/profil/spieler/855015,Attacking Midfield,23,Eintracht Frankfurt,24,https://www.transfermarkt.com/eintracht-frankfurt/startseite/verein/24,€15.00m,15000000,Germany,First Tier
Algeria,Algeria,8,Houssem Aouar,395693,https://www.transfermarkt.com/houssem-aouar/profil/spieler/395693,Attacking Midfield,27,Al-Ittihad Club,8023,https://www.transfermarkt.com/al-ittihad-dschidda/startseite/verein/8023,€8.00m,8000000,Saudi Arabia,First Tier
Algeria,Algeria,20,Adil Boulbina,748443,https://www.transfermarkt.com/adil-boulbina/profil/spieler/748443,Left Winger,23,Al-Duhail SC,26091,https://www.transfermarkt.com/al-duhail-sc/startseite/verein/26091,€3.00m,3000000,Qatar,First Tier
Algeria,Algeria,11,Anis Hadj Moussa,917911,https://www.transfermarkt.com/anis-hadj-moussa/profil/spieler/917911,Right Winger,24,Feyenoord Rotterdam,234,https://www.transfermarkt.com/feyenoord-rotterdam/startseite/verein/234,€23.00m,23000000,Netherlands,First Tier
Algeria,Algeria,25,Farès Ghedjemis,888738,https://www.transfermarkt.com/fares-ghedjemis/profil/spieler/888738,Right Winger,23,Frosinone Calcio,8970,https://www.transfermarkt.com/frosinone-calcio/startseite/verein/8970,€7.50m,7500000,Italy,Second Tier
Algeria,Algeria,7,Riyad Mahrez,171424,https://www.transfermarkt.com/riyad-mahrez/profil/spieler/171424,Right Winger,35,Al-Ahli SFC,18487,https://www.transfermarkt.com/al-ahli-dschidda/startseite/verein/18487,€5.00m,5000000,Saudi Arabia,First Tier
Algeria,Algeria,9,Amine Gouiri,418659,https://www.transfermarkt.com/amine-gouiri/profil/spieler/418659,Centre-Forward,26,Olympique Marseille,244,https://www.transfermarkt.com/olympique-marseille/startseite/verein/244,€28.00m,28000000,France,First Tier
Algeria,Algeria,18,Mohamed Amoura,746910,https://www.transfermarkt.com/mohamed-amoura/profil/spieler/746910,Centre-Forward,26,VfL Wolfsburg,82,https://www.transfermarkt.com/vfl-wolfsburg/startseite/verein/82,€20.00m,20000000,Germany,First Tier
Algeria,Algeria,12,Nadhir Benbouali,840254,https://www.transfermarkt.com/nadhir-benbouali/profil/spieler/840254,Centre-Forward,26,ETO FC,6055,https://www.transfermarkt.com/eto-fc-gyor/startseite/verein/6055,€1.20m,1200000,Hungary,First Tier
Argentina,Argentina,23,Emiliano Martínez,111873,https://www.transfermarkt.com/emiliano-martinez/profil/spieler/111873,Goalkeeper,33,Aston Villa,405,https://www.transfermarkt.com/aston-villa/startseite/verein/405,€12.00m,12000000,England,First Tier
Argentina,Argentina,12,Gerónimo Rulli,229604,https://www.transfermarkt.com/geronimo-rulli/profil/spieler/229604,Goalkeeper,34,Olympique Marseille,244,https://www.transfermarkt.com/olympique-marseille/startseite/verein/244,€6.00m,6000000,France,First Tier
Argentina,Argentina,1,Juan Musso,242359,https://www.transfermarkt.com/juan-musso/profil/spieler/242359,Goalkeeper,32,Atlético de Madrid,13,https://www.transfermarkt.com/atletico-madrid/startseite/verein/13,€3.00m,3000000,Spain,First Tier
Argentina,Argentina,13,Cristian Romero,355915,https://www.transfermarkt.com/cristian-romero/profil/spieler/355915,Centre-Back,28,Tottenham Hotspur,148,https://www.transfermarkt.com/tottenham-hotspur/startseite/verein/148,€45.00m,45000000,England,First Tier
Argentina,Argentina,6,Lisandro Martínez,480762,https://www.transfermarkt.com/lisandro-martinez/profil/spieler/480762,Centre-Back,28,Manchester United,985,https://www.transfermarkt.com/manchester-united/startseite/verein/985,€40.00m,40000000,England,First Tier
Argentina,Argentina,2,Leonardo Balerdi,575998,https://www.transfermarkt.com/leonardo-balerdi/profil/spieler/575998,Centre-Back,27,Olympique Marseille,244,https://www.transfermarkt.com/olympique-marseille/startseite/verein/244,€18.00m,18000000,France,First Tier
Argentina,Argentina,25,Facundo Medina,474800,https://www.transfermarkt.com/facundo-medina/profil/spieler/474800,Centre-Back,27,Olympique Marseille,244,https://www.transfermarkt.com/olympique-marseille/startseite/verein/244,€18.00m,18000000,France,First Tier
Argentina,Argentina,19,Nicolás Otamendi,54781,https://www.transfermarkt.com/nicolas-otamendi/profil/spieler/54781,Centre-Back,38,SL Benfica,294,https://www.transfermarkt.com/benfica-lissabon/startseite/verein/294,€1.00m,1000000,Portugal,First Tier
Argentina,Argentina,3,Nicolás Tagliafico,131225,https://www.transfermarkt.com/nicolas-tagliafico/profil/spieler/131225,Left-Back,33,Olympique Lyon,1041,https://www.transfermarkt.com/olympique-lyon/startseite/verein/1041,€4.00m,4000000,France,First Tier
Argentina,Argentina,26,Nahuel Molina,424042,https://www.transfermarkt.com/nahuel-molina/profil/spieler/424042,Right-Back,28,Atlético de Madrid,13,https://www.transfermarkt.com/atletico-madrid/startseite/verein/13,€15.00m,15000000,Spain,First Tier
Argentina,Argentina,4,Gonzalo Montiel,402733,https://www.transfermarkt.com/gonzalo-montiel/profil/spieler/402733,Right-Back,29,CA River Plate,209,https://www.transfermarkt.com/club-atletico-river-plate/startseite/verein/209,€4.50m,4500000,Argentina,First Tier
Argentina,Argentina,5,Leandro Paredes,166237,https://www.transfermarkt.com/leandro-paredes/profil/spieler/166237,Defensive Midfield,31,CA Boca Juniors,189,https://www.transfermarkt.com/club-atletico-boca-juniors/startseite/verein/189,€5.00m,5000000,Argentina,First Tier
Argentina,Argentina,24,Enzo Fernández,648195,https://www.transfermarkt.com/enzo-fernandez/profil/spieler/648195,Central Midfield,25,Chelsea FC,631,https://www.transfermarkt.com/fc-chelsea/startseite/verein/631,€90.00m,90000000,England,First Tier
Argentina,Argentina,20,Alexis Mac Allister,534033,https://www.transfermarkt.com/alexis-mac-allister/profil/spieler/534033,Central Midfield,27,Liverpool FC,31,https://www.transfermarkt.com/fc-liverpool/startseite/verein/31,€70.00m,70000000,England,First Tier
Argentina,Argentina,8,Valentín Barco,849410,https://www.transfermarkt.com/valentin-barco/profil/spieler/849410,Central Midfield,21,RC Strasbourg Alsace,667,https://www.transfermarkt.com/rc-strassburg-alsace/startseite/verein/667,€40.00m,40000000,France,First Tier
Argentina,Argentina,14,Exequiel Palacios,401578,https://www.transfermarkt.com/exequiel-palacios/profil/spieler/401578,Central Midfield,27,Bayer 04 Leverkusen,15,https://www.transfermarkt.com/bayer-04-leverkusen/startseite/verein/15,€25.00m,25000000,Germany,First Tier
Argentina,Argentina,7,Rodrigo De Paul,255901,https://www.transfermarkt.com/rodrigo-de-paul/profil/spieler/255901,Central Midfield,32,Inter Miami CF,69261,https://www.transfermarkt.com/inter-miami-cf/startseite/verein/69261,€14.00m,14000000,United States,First Tier
Argentina,Argentina,18,Nico Paz,948294,https://www.transfermarkt.com/nico-paz/profil/spieler/948294,Attacking Midfield,21,Como 1907,1047,https://www.transfermarkt.com/como-1907/startseite/verein/1047,€80.00m,80000000,Italy,First Tier
Argentina,Argentina,11,Giovani Lo Celso,348795,https://www.transfermarkt.com/giovani-lo-celso/profil/spieler/348795,Attacking Midfield,30,Real Betis Balompié,150,https://www.transfermarkt.com/real-betis-sevilla/startseite/verein/150,€8.00m,8000000,Spain,First Tier
Argentina,Argentina,15,Nico González,486031,https://www.transfermarkt.com/nico-gonzalez/profil/spieler/486031,Left Winger,28,Atlético de Madrid,13,https://www.transfermarkt.com/atletico-madrid/startseite/verein/13,€22.00m,22000000,Spain,First Tier
Argentina,Argentina,16,Thiago Almada,576028,https://www.transfermarkt.com/thiago-almada/profil/spieler/576028,Left Winger,25,Atlético de Madrid,13,https://www.transfermarkt.com/atletico-madrid/startseite/verein/13,€15.00m,15000000,Spain,First Tier
Argentina,Argentina,17,Giuliano Simeone,742201,https://www.transfermarkt.com/giuliano-simeone/profil/spieler/742201,Right Winger,23,Atlético de Madrid,13,https://www.transfermarkt.com/atletico-madrid/startseite/verein/13,€40.00m,40000000,Spain,First Tier
Argentina,Argentina,10,Lionel Messi,28003,https://www.transfermarkt.com/lionel-messi/profil/spieler/28003,Right Winger,38,Inter Miami CF,69261,https://www.transfermarkt.com/inter-miami-cf/startseite/verein/69261,€15.00m,15000000,United States,First Tier
Argentina,Argentina,9,Julián Álvarez,576024,https://www.transfermarkt.com/julian-alvarez/profil/spieler/576024,Centre-Forward,26,Atlético de Madrid,13,https://www.transfermarkt.com/atletico-madrid/startseite/verein/13,€100.00m,100000000,Spain,First Tier
Argentina,Argentina,22,Lautaro Martínez,406625,https://www.transfermarkt.com/lautaro-martinez/profil/spieler/406625,Centre-Forward,28,Inter Milan,46,https://www.transfermarkt.com/inter-mailand/startseite/verein/46,€85.00m,85000000,Italy,First Tier
Argentina,Argentina,21,José Manuel López,844797,https://www.transfermarkt.com/jose-manuel-lopez/profil/spieler/844797,Centre-Forward,25,Sociedade Esportiva Palmeiras,1023,https://www.transfermarkt.com/se-palmeiras-sao-paulo/startseite/verein/1023,€25.00m,25000000,Brazil,First Tier
Australia,Australia,1,Mathew Ryan,128969,https://www.transfermarkt.com/mathew-ryan/profil/spieler/128969,Goalkeeper,34,Levante UD,3368,https://www.transfermarkt.com/ud-levante/startseite/verein/3368,€1.80m,1800000,Spain,First Tier
Australia,Australia,18,Patrick Beach,983578,https://www.transfermarkt.com/patrick-beach/profil/spieler/983578,Goalkeeper,22,Melbourne City FC,25580,https://www.transfermarkt.com/melbourne-city-fc/startseite/verein/25580,€1.00m,1000000,Australia,First Tier
Australia,Australia,12,Paul Izzo,181921,https://www.transfermarkt.com/paul-izzo/profil/spieler/181921,Goalkeeper,31,Randers FC,5724,https://www.transfermarkt.com/randers-fc/startseite/verein/5724,€500k,500000,Denmark,First Tier
Australia,Australia,3,Alessandro Circati,867137,https://www.transfermarkt.com/alessandro-circati/profil/spieler/867137,Centre-Back,22,Parma Calcio 1913,130,https://www.transfermarkt.com/parma-calcio-1913/startseite/verein/130,€12.00m,12000000,Italy,First Tier
Australia,Australia,25,Lucas Herrington,1279984,https://www.transfermarkt.com/lucas-herrington/profil/spieler/1279984,Centre-Back,18,Colorado Rapids,1247,https://www.transfermarkt.com/colorado-rapids/startseite/verein/1247,€4.50m,4500000,United States,First Tier
Australia,Australia,19,Harry Souttar,298091,https://www.transfermarkt.com/harry-souttar/profil/spieler/298091,Centre-Back,27,Leicester City,1003,https://www.transfermarkt.com/leicester-city/startseite/verein/1003,€3.50m,3500000,England,Second Tier
Australia,Australia,21,Cameron Burgess,255788,https://www.transfermarkt.com/cameron-burgess/profil/spieler/255788,Centre-Back,30,Swansea City,2288,https://www.transfermarkt.com/swansea-city/startseite/verein/2288,€1.50m,1500000,England,Second Tier
Australia,Australia,2,Milos Degenek,187353,https://www.transfermarkt.com/milos-degenek/profil/spieler/187353,Centre-Back,32,APOEL Nicosia,2784,https://www.transfermarkt.com/apoel-nikosia/startseite/verein/2784,€450k,450000,Cyprus,First Tier
Australia,Australia,5,Jordan Bos,855731,https://www.transfermarkt.com/jordan-bos/profil/spieler/855731,Left-Back,23,Feyenoord Rotterdam,234,https://www.transfermarkt.com/feyenoord-rotterdam/startseite/verein/234,€12.00m,12000000,Netherlands,First Tier
Australia,Australia,16,Aziz Behich,136834,https://www.transfermarkt.com/aziz-behich/profil/spieler/136834,Left-Back,35,Melbourne City FC,25580,https://www.transfermarkt.com/melbourne-city-fc/startseite/verein/25580,€250k,250000,Australia,First Tier
Australia,Australia,4,Jacob Italiano,545810,https://www.transfermarkt.com/jacob-italiano/profil/spieler/545810,Right-Back,24,Grazer AK 1902,316,https://www.transfermarkt.com/grazer-ak-1902/startseite/verein/316,€600k,600000,Austria,First Tier
Australia,Australia,6,Jason Geria,185175,https://www.transfermarkt.com/jason-geria/profil/spieler/185175,Right-Back,33,Albirex Niigata,8344,https://www.transfermarkt.com/albirex-niigata/startseite/verein/8344,€350k,350000,Japan,League Cup
Australia,Australia,13,Aiden O'Neill,385918,https://www.transfermarkt.com/aiden-oneill/profil/spieler/385918,Defensive Midfield,27,New York City FC,40058,https://www.transfermarkt.com/new-york-city-fc/startseite/verein/40058,€3.00m,3000000,United States,First Tier
Australia,Australia,15,Kai Trewin,691326,https://www.transfermarkt.com/kai-trewin/profil/spieler/691326,Defensive Midfield,25,New York City FC,40058,https://www.transfermarkt.com/new-york-city-fc/startseite/verein/40058,€1.80m,1800000,United States,First Tier
Australia,Australia,24,Paul Okon-Engstler,1064377,https://www.transfermarkt.com/paul-okon-engstler/profil/spieler/1064377,Defensive Midfield,21,Sydney FC,8054,https://www.transfermarkt.com/sydney-fc/startseite/verein/8054,€1.20m,1200000,Australia,First Tier
Australia,Australia,14,Cammy Devlin,399162,https://www.transfermarkt.com/cammy-devlin/profil/spieler/399162,Central Midfield,27,Heart of Midlothian FC,43,https://www.transfermarkt.com/heart-of-midlothian-fc/startseite/verein/43,€2.00m,2000000,Scotland,First Tier
Australia,Australia,8,Connor Metcalfe,522223,https://www.transfermarkt.com/connor-metcalfe/profil/spieler/522223,Central Midfield,26,FC St. Pauli,35,https://www.transfermarkt.com/fc-st-pauli/startseite/verein/35,€1.50m,1500000,Germany,First Tier
Australia,Australia,22,Jackson Irvine,192557,https://www.transfermarkt.com/jackson-irvine/profil/spieler/192557,Central Midfield,33,FC St. Pauli,35,https://www.transfermarkt.com/fc-st-pauli/startseite/verein/35,€1.00m,1000000,Germany,First Tier
Australia,Australia,10,Ajdin Hrustic,265625,https://www.transfermarkt.com/ajdin-hrustic/profil/spieler/265625,Central Midfield,29,Heracles Almelo,1304,https://www.transfermarkt.com/heracles-almelo/startseite/verein/1304,€600k,600000,Netherlands,First Tier
Australia,Australia,20,Cristian Volpato,746891,https://www.transfermarkt.com/cristian-volpato/profil/spieler/746891,Attacking Midfield,22,US Sassuolo,6574,https://www.transfermarkt.com/us-sassuolo/startseite/verein/6574,€10.00m,10000000,Italy,First Tier
Australia,Australia,23,Nishan Velupillay,888140,https://www.transfermarkt.com/nishan-velupillay/profil/spieler/888140,Left Winger,25,Melbourne Victory,7006,https://www.transfermarkt.com/melbourne-victory/startseite/verein/7006,€650k,650000,Australia,First Tier
Australia,Australia,11,Awer Mabil,255729,https://www.transfermarkt.com/awer-mabil/profil/spieler/255729,Left Winger,30,CD Castellón,2502,https://www.transfermarkt.com/cd-castellon/startseite/verein/2502,€500k,500000,Spain,Second Tier
Australia,Australia,7,Mathew Leckie,126214,https://www.transfermarkt.com/mathew-leckie/profil/spieler/126214,Left Winger,35,Melbourne City FC,25580,https://www.transfermarkt.com/melbourne-city-fc/startseite/verein/25580,€300k,300000,Australia,First Tier
Australia,Australia,17,Nestory Irankunda,956920,https://www.transfermarkt.com/nestory-irankunda/profil/spieler/956920,Right Winger,20,Watford FC,1010,https://www.transfermarkt.com/fc-watford/startseite/verein/1010,€8.00m,8000000,England,Second Tier
Australia,Australia,9,Mohamed Touré,742770,https://www.transfermarkt.com/mohamed-toure/profil/spieler/742770,Centre-Forward,22,Norwich City,1123,https://www.transfermarkt.com/norwich-city/startseite/verein/1123,€8.00m,8000000,England,Second Tier
Australia,Australia,26,Tete Yengi,849429,https://www.transfermarkt.com/tete-yengi/profil/spieler/849429,Centre-Forward,25,Machida Zelvia,23568,https://www.transfermarkt.com/machida-zelvia/startseite/verein/23568,€450k,450000,Japan,League Cup
Austria,Austria,12,Florian Wiegele,393999,https://www.transfermarkt.com/florian-wiegele/profil/spieler/393999,Goalkeeper,25,FC Viktoria Plzen,941,https://www.transfermarkt.com/fc-viktoria-pilsen/startseite/verein/941,€2.20m,2200000,Czech Republic,First Tier
Austria,Austria,13,Patrick Pentz,223972,https://www.transfermarkt.com/patrick-pentz/profil/spieler/223972,Goalkeeper,29,Bröndby IF,206,https://www.transfermarkt.com/brondby-if/startseite/verein/206,€2.20m,2200000,Denmark,First Tier
Austria,Austria,1,Alexander Schlager,186374,https://www.transfermarkt.com/alexander-schlager/profil/spieler/186374,Goalkeeper,30,Red Bull Salzburg,409,https://www.transfermarkt.com/red-bull-salzburg/startseite/verein/409,€2.00m,2000000,Austria,First Tier
Austria,Austria,2,David Affengruber,452483,https://www.transfermarkt.com/david-affengruber/profil/spieler/452483,Centre-Back,25,Elche CF,1531,https://www.transfermarkt.com/fc-elche/startseite/verein/1531,€20.00m,20000000,Spain,First Tier
Austria,Austria,3,Kevin Danso,263236,https://www.transfermarkt.com/kevin-danso/profil/spieler/263236,Centre-Back,27,Tottenham Hotspur,148,https://www.transfermarkt.com/tottenham-hotspur/startseite/verein/148,€20.00m,20000000,England,First Tier
Austria,Austria,15,Philipp Lienhart,225657,https://www.transfermarkt.com/philipp-lienhart/profil/spieler/225657,Centre-Back,29,SC Freiburg,60,https://www.transfermarkt.com/sc-freiburg/startseite/verein/60,€10.00m,10000000,Germany,First Tier
Austria,Austria,23,Marco Friedl,156990,https://www.transfermarkt.com/marco-friedl/profil/spieler/156990,Centre-Back,28,SV Werder Bremen,86,https://www.transfermarkt.com/sv-werder-bremen/startseite/verein/86,€10.00m,10000000,Germany,First Tier
Austria,Austria,5,Stefan Posch,223974,https://www.transfermarkt.com/stefan-posch/profil/spieler/223974,Centre-Back,29,1.FSV Mainz 05,39,https://www.transfermarkt.com/1-fsv-mainz-05/startseite/verein/39,€6.00m,6000000,Germany,First Tier
Austria,Austria,25,Michael Svoboda,438961,https://www.transfermarkt.com/michael-svoboda/profil/spieler/438961,Centre-Back,27,Venezia FC,607,https://www.transfermarkt.com/venezia-fc/startseite/verein/607,€3.50m,3500000,Italy,Second Tier
Austria,Austria,8,David Alaba,59016,https://www.transfermarkt.com/david-alaba/profil/spieler/59016,Centre-Back,33,Real Madrid,418,https://www.transfermarkt.com/real-madrid/startseite/verein/418,€3.00m,3000000,Spain,First Tier
Austria,Austria,16,Phillipp Mwene,127573,https://www.transfermarkt.com/phillipp-mwene/profil/spieler/127573,Left-Back,32,1.FSV Mainz 05,39,https://www.transfermarkt.com/1-fsv-mainz-05/startseite/verein/39,€1.50m,1500000,Germany,First Tier
Austria,Austria,20,Konrad Laimer,223967,https://www.transfermarkt.com/konrad-laimer/profil/spieler/223967,Right-Back,29,Bayern Munich,27,https://www.transfermarkt.com/fc-bayern-munchen/startseite/verein/27,€32.00m,32000000,Germany,First Tier
Austria,Austria,6,Nicolas Seiwald,404950,https://www.transfermarkt.com/nicolas-seiwald/profil/spieler/404950,Defensive Midfield,25,RB Leipzig,23826,https://www.transfermarkt.com/rasenballsport-leipzig/startseite/verein/23826,€25.00m,25000000,Germany,First Tier
Austria,Austria,10,Florian Grillitsch,195736,https://www.transfermarkt.com/florian-grillitsch/profil/spieler/195736,Defensive Midfield,30,SC Braga,1075,https://www.transfermarkt.com/sc-braga/startseite/verein/1075,€2.50m,2500000,Portugal,First Tier
Austria,Austria,24,Paul Wanner,900909,https://www.transfermarkt.com/paul-wanner/profil/spieler/900909,Central Midfield,20,PSV Eindhoven,383,https://www.transfermarkt.com/psv-eindhoven/startseite/verein/383,€22.00m,22000000,Netherlands,First Tier
Austria,Austria,17,Carney Chukwuemeka,659459,https://www.transfermarkt.com/carney-chukwuemeka/profil/spieler/659459,Central Midfield,22,Borussia Dortmund,16,https://www.transfermarkt.com/borussia-dortmund/startseite/verein/16,€20.00m,20000000,Germany,First Tier
Austria,Austria,4,Xaver Schlager,223979,https://www.transfermarkt.com/xaver-schlager/profil/spieler/223979,Central Midfield,28,RB Leipzig,23826,https://www.transfermarkt.com/rasenballsport-leipzig/startseite/verein/23826,€10.00m,10000000,Germany,First Tier
Austria,Austria,9,Marcel Sabitzer,106987,https://www.transfermarkt.com/marcel-sabitzer/profil/spieler/106987,Central Midfield,32,Borussia Dortmund,16,https://www.transfermarkt.com/borussia-dortmund/startseite/verein/16,€6.00m,6000000,Germany,First Tier
Austria,Austria,26,Alessandro Schöpf,118397,https://www.transfermarkt.com/alessandro-schopf/profil/spieler/118397,Central Midfield,32,Wolfsberger AC,4441,https://www.transfermarkt.com/wolfsberger-ac/startseite/verein/4441,€800k,800000,Austria,First Tier
Austria,Austria,22,Alexander Prass,434116,https://www.transfermarkt.com/alexander-prass/profil/spieler/434116,Left Midfield,25,TSG 1899 Hoffenheim,533,https://www.transfermarkt.com/tsg-1899-hoffenheim/startseite/verein/533,€9.00m,9000000,Germany,First Tier
Austria,Austria,18,Romano Schmid,346853,https://www.transfermarkt.com/romano-schmid/profil/spieler/346853,Attacking Midfield,26,SV Werder Bremen,86,https://www.transfermarkt.com/sv-werder-bremen/startseite/verein/86,€15.00m,15000000,Germany,First Tier
Austria,Austria,21,Patrick Wimmer,533295,https://www.transfermarkt.com/patrick-wimmer/profil/spieler/533295,Right Winger,25,VfL Wolfsburg,82,https://www.transfermarkt.com/vfl-wolfsburg/startseite/verein/82,€12.00m,12000000,Germany,First Tier
Austria,Austria,14,Sasa Kalajdzic,369567,https://www.transfermarkt.com/sasa-kalajdzic/profil/spieler/369567,Centre-Forward,28,LASK,413,https://www.transfermarkt.com/lask/startseite/verein/413,€4.00m,4000000,Austria,First Tier
Austria,Austria,7,Marko Arnautovic,41384,https://www.transfermarkt.com/marko-arnautovic/profil/spieler/41384,Centre-Forward,37,Red Star Belgrade,159,https://www.transfermarkt.com/roter-stern-belgrad/startseite/verein/159,€2.00m,2000000,Serbia,First Tier
Austria,Austria,11,Michael Gregoritsch,120205,https://www.transfermarkt.com/michael-gregoritsch/profil/spieler/120205,Centre-Forward,32,FC Augsburg,167,https://www.transfermarkt.com/fc-augsburg/startseite/verein/167,€1.50m,1500000,Germany,First Tier
Belgium,Belgium,12,Senne Lammens,503883,https://www.transfermarkt.com/senne-lammens/profil/spieler/503883,Goalkeeper,23,Manchester United,985,https://www.transfermarkt.com/manchester-united/startseite/verein/985,€35.00m,35000000,England,First Tier
Belgium,Belgium,13,Mike Penders,834397,https://www.transfermarkt.com/mike-penders/profil/spieler/834397,Goalkeeper,20,RC Strasbourg Alsace,667,https://www.transfermarkt.com/rc-strassburg-alsace/startseite/verein/667,€25.00m,25000000,France,First Tier
Belgium,Belgium,1,Thibaut Courtois,108390,https://www.transfermarkt.com/thibaut-courtois/profil/spieler/108390,Goalkeeper,34,Real Madrid,418,https://www.transfermarkt.com/real-madrid/startseite/verein/418,€15.00m,15000000,Spain,First Tier
Belgium,Belgium,2,Zeno Debast,548193,https://www.transfermarkt.com/zeno-debast/profil/spieler/548193,Centre-Back,22,Sporting CP,336,https://www.transfermarkt.com/sporting-lissabon/startseite/verein/336,€28.00m,28000000,Portugal,First Tier
Belgium,Belgium,25,Nathan Ngoy,548254,https://www.transfermarkt.com/nathan-ngoy/profil/spieler/548254,Centre-Back,22,LOSC Lille,1082,https://www.transfermarkt.com/losc-lille/startseite/verein/1082,€25.00m,25000000,France,First Tier
Belgium,Belgium,16,Koni De Winter,490384,https://www.transfermarkt.com/koni-de-winter/profil/spieler/490384,Centre-Back,23,AC Milan,5,https://www.transfermarkt.com/ac-mailand/startseite/verein/5,€23.00m,23000000,Italy,First Tier
Belgium,Belgium,3,Arthur Theate,368891,https://www.transfermarkt.com/arthur-theate/profil/spieler/368891,Centre-Back,26,Eintracht Frankfurt,24,https://www.transfermarkt.com/eintracht-frankfurt/startseite/verein/24,€17.00m,17000000,Germany,First Tier
Belgium,Belgium,4,Brandon Mechele,236168,https://www.transfermarkt.com/brandon-mechele/profil/spieler/236168,Centre-Back,33,Club Brugge KV,2282,https://www.transfermarkt.com/fc-brugge/startseite/verein/2282,€2.80m,2800000,Belgium,First Tier
Belgium,Belgium,5,Maxim De Cuyper,429915,https://www.transfermarkt.com/maxim-de-cuyper/profil/spieler/429915,Left-Back,25,Brighton & Hove Albion,1237,https://www.transfermarkt.com/brighton-amp-hove-albion/startseite/verein/1237,€22.00m,22000000,England,First Tier
Belgium,Belgium,18,Joaquin Seys,981196,https://www.transfermarkt.com/joaquin-seys/profil/spieler/981196,Left-Back,21,Club Brugge KV,2282,https://www.transfermarkt.com/fc-brugge/startseite/verein/2282,€20.00m,20000000,Belgium,First Tier
Belgium,Belgium,21,Timothy Castagne,262226,https://www.transfermarkt.com/timothy-castagne/profil/spieler/262226,Right-Back,30,Fulham FC,931,https://www.transfermarkt.com/fc-fulham/startseite/verein/931,€8.00m,8000000,England,First Tier
Belgium,Belgium,15,Thomas Meunier,100986,https://www.transfermarkt.com/thomas-meunier/profil/spieler/100986,Right-Back,34,LOSC Lille,1082,https://www.transfermarkt.com/losc-lille/startseite/verein/1082,€1.50m,1500000,France,First Tier
Belgium,Belgium,24,Amadou Onana,485706,https://www.transfermarkt.com/amadou-onana/profil/spieler/485706,Defensive Midfield,24,Aston Villa,405,https://www.transfermarkt.com/aston-villa/startseite/verein/405,€45.00m,45000000,England,First Tier
Belgium,Belgium,23,Nicolas Raskin,422763,https://www.transfermarkt.com/nicolas-raskin/profil/spieler/422763,Defensive Midfield,25,Rangers FC,124,https://www.transfermarkt.com/glasgow-rangers/startseite/verein/124,€12.00m,12000000,Scotland,First Tier
Belgium,Belgium,6,Axel Witsel,35047,https://www.transfermarkt.com/axel-witsel/profil/spieler/35047,Defensive Midfield,37,Girona FC,12321,https://www.transfermarkt.com/fc-girona/startseite/verein/12321,€1.20m,1200000,Spain,First Tier
Belgium,Belgium,8,Youri Tielemans,249565,https://www.transfermarkt.com/youri-tielemans/profil/spieler/249565,Central Midfield,29,Aston Villa,405,https://www.transfermarkt.com/aston-villa/startseite/verein/405,€30.00m,30000000,England,First Tier
Belgium,Belgium,22,Alexis Saelemaekers,381950,https://www.transfermarkt.com/alexis-saelemaekers/profil/spieler/381950,Right Midfield,26,AC Milan,5,https://www.transfermarkt.com/ac-mailand/startseite/verein/5,€20.00m,20000000,Italy,First Tier
Belgium,Belgium,19,Diego Moreira,655006,https://www.transfermarkt.com/diego-moreira/profil/spieler/655006,Left Midfield,21,RC Strasbourg Alsace,667,https://www.transfermarkt.com/rc-strassburg-alsace/startseite/verein/667,€25.00m,25000000,France,First Tier
Belgium,Belgium,17,Charles De Ketelaere,435772,https://www.transfermarkt.com/charles-de-ketelaere/profil/spieler/435772,Attacking Midfield,25,Atalanta BC,800,https://www.transfermarkt.com/atalanta-bergamo/startseite/verein/800,€30.00m,30000000,Italy,First Tier
Belgium,Belgium,7,Kevin De Bruyne,88755,https://www.transfermarkt.com/kevin-de-bruyne/profil/spieler/88755,Attacking Midfield,34,SSC Napoli,6195,https://www.transfermarkt.com/ssc-neapel/startseite/verein/6195,€8.00m,8000000,Italy,First Tier
Belgium,Belgium,20,Hans Vanaken,137576,https://www.transfermarkt.com/hans-vanaken/profil/spieler/137576,Attacking Midfield,33,Club Brugge KV,2282,https://www.transfermarkt.com/fc-brugge/startseite/verein/2282,€5.00m,5000000,Belgium,First Tier
Belgium,Belgium,11,Jérémy Doku,486049,https://www.transfermarkt.com/jeremy-doku/profil/spieler/486049,Left Winger,24,Manchester City,281,https://www.transfermarkt.com/manchester-city/startseite/verein/281,€75.00m,75000000,England,First Tier
Belgium,Belgium,10,Leandro Trossard,144028,https://www.transfermarkt.com/leandro-trossard/profil/spieler/144028,Left Winger,31,Arsenal FC,11,https://www.transfermarkt.com/fc-arsenal/startseite/verein/11,€18.00m,18000000,England,First Tier
Belgium,Belgium,14,Dodi Lukébakio,303259,https://www.transfermarkt.com/dodi-lukebakio/profil/spieler/303259,Right Winger,28,SL Benfica,294,https://www.transfermarkt.com/benfica-lissabon/startseite/verein/294,€15.00m,15000000,Portugal,First Tier
Belgium,Belgium,26,Matias Fernandez-Pardo,724129,https://www.transfermarkt.com/matias-fernandez-pardo/profil/spieler/724129,Centre-Forward,21,LOSC Lille,1082,https://www.transfermarkt.com/losc-lille/startseite/verein/1082,€35.00m,35000000,France,First Tier
Belgium,Belgium,9,Romelu Lukaku,96341,https://www.transfermarkt.com/romelu-lukaku/profil/spieler/96341,Centre-Forward,33,SSC Napoli,6195,https://www.transfermarkt.com/ssc-neapel/startseite/verein/6195,€6.00m,6000000,Italy,First Tier
Bosnia and Herzegovina,Bosnia-Herzegovina,1,Nikola Vasilj,248454,https://www.transfermarkt.com/nikola-vasilj/profil/spieler/248454,Goalkeeper,30,FC St. Pauli,35,https://www.transfermarkt.com/fc-st-pauli/startseite/verein/35,€4.50m,4500000,Germany,First Tier
Bosnia and Herzegovina,Bosnia-Herzegovina,22,Martin Zlomislic,495320,https://www.transfermarkt.com/martin-zlomislic/profil/spieler/495320,Goalkeeper,27,HNK Rijeka,144,https://www.transfermarkt.com/hnk-rijeka/startseite/verein/144,€2.00m,2000000,Croatia,First Tier
Bosnia and Herzegovina,Bosnia-Herzegovina,12,Mladen Jurkas,952692,https://www.transfermarkt.com/mladen-jurkas/profil/spieler/952692,Goalkeeper,18,FK Borac Banja Luka,3900,https://www.transfermarkt.com/fk-borac-banja-luka/startseite/verein/3900,€700k,700000,Bosnia-Herzegovina,First Tier
Bosnia and Herzegovina,Bosnia-Herzegovina,4,Tarik Muharemović,679423,https://www.transfermarkt.com/tarik-muharemovic/profil/spieler/679423,Centre-Back,23,US Sassuolo,6574,https://www.transfermarkt.com/us-sassuolo/startseite/verein/6574,€25.00m,25000000,Italy,First Tier
Bosnia and Herzegovina,Bosnia-Herzegovina,24,Nidal Celik,819566,https://www.transfermarkt.com/nidal-celik/profil/spieler/819566,Centre-Back,19,RC Lens,826,https://www.transfermarkt.com/rc-lens/startseite/verein/826,€7.00m,7000000,France,First Tier
Bosnia and Herzegovina,Bosnia-Herzegovina,5,Sead Kolasinac,94005,https://www.transfermarkt.com/sead-kolasinac/profil/spieler/94005,Centre-Back,32,Atalanta BC,800,https://www.transfermarkt.com/atalanta-bergamo/startseite/verein/800,€4.00m,4000000,Italy,First Tier
Bosnia and Herzegovina,Bosnia-Herzegovina,21,Stjepan Radeljic,384568,https://www.transfermarkt.com/stjepan-radeljic/profil/spieler/384568,Centre-Back,28,HNK Rijeka,144,https://www.transfermarkt.com/hnk-rijeka/startseite/verein/144,€2.80m,2800000,Croatia,First Tier
Bosnia and Herzegovina,Bosnia-Herzegovina,18,Nikola Katic,422051,https://www.transfermarkt.com/nikola-katic/profil/spieler/422051,Centre-Back,29,FC Schalke 04,33,https://www.transfermarkt.com/fc-schalke-04/startseite/verein/33,€1.80m,1800000,Germany,Second Tier
Bosnia and Herzegovina,Bosnia-Herzegovina,2,Nihad Mujakic,380919,https://www.transfermarkt.com/nihad-mujakic/profil/spieler/380919,Centre-Back,28,Gaziantep FK,2832,https://www.transfermarkt.com/gaziantep-fk/startseite/verein/2832,€1.20m,1200000,Türkiye,First Tier
Bosnia and Herzegovina,Bosnia-Herzegovina,3,Dennis Hadzikadunic,322065,https://www.transfermarkt.com/dennis-hadzikadunic/profil/spieler/322065,Centre-Back,27,UC Sampdoria,1038,https://www.transfermarkt.com/sampdoria-genua/startseite/verein/1038,€1.20m,1200000,Italy,Second Tier
Bosnia and Herzegovina,Bosnia-Herzegovina,7,Amar Dedić,519184,https://www.transfermarkt.com/amar-dedic/profil/spieler/519184,Right-Back,23,SL Benfica,294,https://www.transfermarkt.com/benfica-lissabon/startseite/verein/294,€16.00m,16000000,Portugal,First Tier
Bosnia and Herzegovina,Bosnia-Herzegovina,16,Amir Hadziahmetovic,293213,https://www.transfermarkt.com/amir-hadziahmetovic/profil/spieler/293213,Defensive Midfield,29,Hull City,3008,https://www.transfermarkt.com/hull-city/startseite/verein/3008,€4.00m,4000000,England,Second Tier
Bosnia and Herzegovina,Bosnia-Herzegovina,14,Ivan Šunjić,226097,https://www.transfermarkt.com/ivan-sunjic/profil/spieler/226097,Defensive Midfield,29,Pafos FC,45457,https://www.transfermarkt.com/pafos-fc/startseite/verein/45457,€2.00m,2000000,Cyprus,First Tier
Bosnia and Herzegovina,Bosnia-Herzegovina,17,Dzenis Burnic,251295,https://www.transfermarkt.com/dzenis-burnic/profil/spieler/251295,Defensive Midfield,28,Karlsruher SC,48,https://www.transfermarkt.com/karlsruher-sc/startseite/verein/48,€1.20m,1200000,Germany,Second Tier
Bosnia and Herzegovina,Bosnia-Herzegovina,6,Benjamin Tahirović,787907,https://www.transfermarkt.com/benjamin-tahirovic/profil/spieler/787907,Central Midfield,23,Bröndby IF,206,https://www.transfermarkt.com/brondby-if/startseite/verein/206,€4.50m,4500000,Denmark,First Tier
Bosnia and Herzegovina,Bosnia-Herzegovina,8,Armin Gigovic,651269,https://www.transfermarkt.com/armin-gigovic/profil/spieler/651269,Central Midfield,24,BSC Young Boys,452,https://www.transfermarkt.com/bsc-young-boys/startseite/verein/452,€2.50m,2500000,Switzerland,First Tier
Bosnia and Herzegovina,Bosnia-Herzegovina,13,Ivan Basic,620560,https://www.transfermarkt.com/ivan-basic/profil/spieler/620560,Central Midfield,24,FC Astana,22220,https://www.transfermarkt.com/fc-astana/startseite/verein/22220,€1.50m,1500000,Kazakhstan,First Tier
Bosnia and Herzegovina,Bosnia-Herzegovina,15,Amar Memić,638990,https://www.transfermarkt.com/amar-memic/profil/spieler/638990,Right Midfield,25,FC Viktoria Plzen,941,https://www.transfermarkt.com/fc-viktoria-pilsen/startseite/verein/941,€4.50m,4500000,Czech Republic,First Tier
Bosnia and Herzegovina,Bosnia-Herzegovina,26,Ermin Mahmic,803049,https://www.transfermarkt.com/ermin-mahmic/profil/spieler/803049,Attacking Midfield,21,FC Slovan Liberec,697,https://www.transfermarkt.com/fc-slovan-liberec/startseite/verein/697,€5.00m,5000000,Czech Republic,First Tier
Bosnia and Herzegovina,Bosnia-Herzegovina,19,Kerim Alajbegovic,929994,https://www.transfermarkt.com/kerim-alajbegovic/profil/spieler/929994,Left Winger,18,Red Bull Salzburg,409,https://www.transfermarkt.com/red-bull-salzburg/startseite/verein/409,€22.00m,22000000,Austria,First Tier
Bosnia and Herzegovina,Bosnia-Herzegovina,20,Esmir Bajraktarevic,925862,https://www.transfermarkt.com/esmir-bajraktarevic/profil/spieler/925862,Right Winger,21,PSV Eindhoven,383,https://www.transfermarkt.com/psv-eindhoven/startseite/verein/383,€8.00m,8000000,Netherlands,First Tier
Bosnia and Herzegovina,Bosnia-Herzegovina,10,Ermedin Demirovic,335457,https://www.transfermarkt.com/ermedin-demirovic/profil/spieler/335457,Centre-Forward,28,VfB Stuttgart,79,https://www.transfermarkt.com/vfb-stuttgart/startseite/verein/79,€22.00m,22000000,Germany,First Tier
Bosnia and Herzegovina,Bosnia-Herzegovina,23,Haris Tabakovic,203123,https://www.transfermarkt.com/haris-tabakovic/profil/spieler/203123,Centre-Forward,31,Borussia Mönchengladbach,18,https://www.transfermarkt.com/borussia-monchengladbach/startseite/verein/18,€3.50m,3500000,Germany,First Tier
Bosnia and Herzegovina,Bosnia-Herzegovina,25,Jovo Lukić,457738,https://www.transfermarkt.com/jovo-lukic/profil/spieler/457738,Centre-Forward,27,FC Universitatea Cluj,6429,https://www.transfermarkt.com/fc-universitatea-cluj/startseite/verein/6429,€2.20m,2200000,Romania,First Tier
Bosnia and Herzegovina,Bosnia-Herzegovina,9,Samed Bazdar,710969,https://www.transfermarkt.com/samed-bazdar/profil/spieler/710969,Centre-Forward,22,Jagiellonia Bialystok,2300,https://www.transfermarkt.com/jagiellonia-bialystok/startseite/verein/2300,€1.50m,1500000,Poland,First Tier
Bosnia and Herzegovina,Bosnia-Herzegovina,11,Edin Dzeko,28396,https://www.transfermarkt.com/edin-dzeko/profil/spieler/28396,Centre-Forward,40,FC Schalke 04,33,https://www.transfermarkt.com/fc-schalke-04/startseite/verein/33,€1.00m,1000000,Germany,Second Tier
Brazil,Brazil,1,Alisson,105470,https://www.transfermarkt.com/alisson/profil/spieler/105470,Goalkeeper,33,Liverpool FC,31,https://www.transfermarkt.com/fc-liverpool/startseite/verein/31,€15.00m,15000000,England,First Tier
Brazil,Brazil,23,Ederson,238223,https://www.transfermarkt.com/ederson/profil/spieler/238223,Goalkeeper,32,Fenerbahce,36,https://www.transfermarkt.com/fenerbahce-istanbul/startseite/verein/36,€10.00m,10000000,Türkiye,First Tier
Brazil,Brazil,12,Weverton,69400,https://www.transfermarkt.com/weverton/profil/spieler/69400,Goalkeeper,38,Grêmio Foot-Ball Porto Alegrense,210,https://www.transfermarkt.com/gremio-porto-alegre/startseite/verein/210,€700k,700000,Brazil,First Tier
Brazil,Brazil,3,Gabriel,435338,https://www.transfermarkt.com/gabriel/profil/spieler/435338,Centre-Back,28,Arsenal FC,11,https://www.transfermarkt.com/fc-arsenal/startseite/verein/11,€75.00m,75000000,England,First Tier
Brazil,Brazil,14,Bremer,516716,https://www.transfermarkt.com/bremer/profil/spieler/516716,Centre-Back,29,Juventus FC,506,https://www.transfermarkt.com/juventus-turin/startseite/verein/506,€35.00m,35000000,Italy,First Tier
Brazil,Brazil,4,Marquinhos,181767,https://www.transfermarkt.com/marquinhos/profil/spieler/181767,Centre-Back,32,Paris Saint-Germain,583,https://www.transfermarkt.com/fc-paris-saint-germain/startseite/verein/583,€28.00m,28000000,France,First Tier
Brazil,Brazil,24,Roger Ibañez,524481,https://www.transfermarkt.com/roger-ibanez/profil/spieler/524481,Centre-Back,27,Al-Ahli SFC,18487,https://www.transfermarkt.com/al-ahli-dschidda/startseite/verein/18487,€18.00m,18000000,Saudi Arabia,First Tier
Brazil,Brazil,15,Léo Pereira,288431,https://www.transfermarkt.com/leo-pereira/profil/spieler/288431,Centre-Back,30,CR Flamengo,614,https://www.transfermarkt.com/flamengo-rio-de-janeiro/startseite/verein/614,€12.00m,12000000,Brazil,First Tier
Brazil,Brazil,13,Danilo,145707,https://www.transfermarkt.com/danilo/profil/spieler/145707,Centre-Back,34,CR Flamengo,614,https://www.transfermarkt.com/flamengo-rio-de-janeiro/startseite/verein/614,€2.00m,2000000,Brazil,First Tier
Brazil,Brazil,16,Douglas Santos,220793,https://www.transfermarkt.com/douglas-santos/profil/spieler/220793,Left-Back,32,Zenit St. Petersburg,964,https://www.transfermarkt.com/zenit-st-petersburg/startseite/verein/964,€7.50m,7500000,Russia,First Tier
Brazil,Brazil,6,Alex Sandro,79960,https://www.transfermarkt.com/alex-sandro/profil/spieler/79960,Left-Back,35,CR Flamengo,614,https://www.transfermarkt.com/flamengo-rio-de-janeiro/startseite/verein/614,€1.00m,1000000,Brazil,First Tier
Brazil,Brazil,2,Wesley,964580,https://www.transfermarkt.com/wesley/profil/spieler/964580,Right-Back,22,AS Roma,12,https://www.transfermarkt.com/as-rom/startseite/verein/12,€40.00m,40000000,Italy,First Tier
Brazil,Brazil,17,Fabinho,225693,https://www.transfermarkt.com/fabinho/profil/spieler/225693,Defensive Midfield,32,Al-Ittihad Club,8023,https://www.transfermarkt.com/al-ittihad-dschidda/startseite/verein/8023,€12.00m,12000000,Saudi Arabia,First Tier
Brazil,Brazil,5,Casemiro,16306,https://www.transfermarkt.com/casemiro/profil/spieler/16306,Defensive Midfield,34,Manchester United,985,https://www.transfermarkt.com/manchester-united/startseite/verein/985,€6.00m,6000000,England,First Tier
Brazil,Brazil,8,Bruno Guimarães,520624,https://www.transfermarkt.com/bruno-guimaraes/profil/spieler/520624,Central Midfield,28,Newcastle United,762,https://www.transfermarkt.com/newcastle-united/startseite/verein/762,€70.00m,70000000,England,First Tier
Brazil,Brazil,18,Danilo,808509,https://www.transfermarkt.com/danilo/profil/spieler/808509,Central Midfield,25,Botafogo de Futebol e Regatas,537,https://www.transfermarkt.com/botafogo-rio-de-janeiro/startseite/verein/537,€32.00m,32000000,Brazil,First Tier
Brazil,Brazil,20,Lucas Paquetá,444523,https://www.transfermarkt.com/lucas-paqueta/profil/spieler/444523,Attacking Midfield,28,CR Flamengo,614,https://www.transfermarkt.com/flamengo-rio-de-janeiro/startseite/verein/614,€32.00m,32000000,Brazil,First Tier
Brazil,Brazil,10,Neymar,68290,https://www.transfermarkt.com/neymar/profil/spieler/68290,Attacking Midfield,34,Santos FC,221,https://www.transfermarkt.com/fc-santos/startseite/verein/221,€8.00m,8000000,Brazil,First Tier
Brazil,Brazil,7,Vinicius Junior,371998,https://www.transfermarkt.com/vinicius-junior/profil/spieler/371998,Left Winger,25,Real Madrid,418,https://www.transfermarkt.com/real-madrid/startseite/verein/418,€140.00m,140000000,Spain,First Tier
Brazil,Brazil,9,Matheus Cunha,517894,https://www.transfermarkt.com/matheus-cunha/profil/spieler/517894,Left Winger,27,Manchester United,985,https://www.transfermarkt.com/manchester-united/startseite/verein/985,€75.00m,75000000,England,First Tier
Brazil,Brazil,11,Raphinha,411295,https://www.transfermarkt.com/raphinha/profil/spieler/411295,Left Winger,29,FC Barcelona,131,https://www.transfermarkt.com/fc-barcelona/startseite/verein/131,€70.00m,70000000,Spain,First Tier
Brazil,Brazil,22,Gabriel Martinelli,655488,https://www.transfermarkt.com/gabriel-martinelli/profil/spieler/655488,Left Winger,24,Arsenal FC,11,https://www.transfermarkt.com/fc-arsenal/startseite/verein/11,€45.00m,45000000,England,First Tier
Brazil,Brazil,26,Rayan,1012564,https://www.transfermarkt.com/rayan/profil/spieler/1012564,Right Winger,19,AFC Bournemouth,989,https://www.transfermarkt.com/afc-bournemouth/startseite/verein/989,€60.00m,60000000,England,First Tier
Brazil,Brazil,21,Luiz Henrique,800175,https://www.transfermarkt.com/luiz-henrique/profil/spieler/800175,Right Winger,25,Zenit St. Petersburg,964,https://www.transfermarkt.com/zenit-st-petersburg/startseite/verein/964,€24.00m,24000000,Russia,First Tier
Brazil,Brazil,25,Igor Thiago,739443,https://www.transfermarkt.com/igor-thiago/profil/spieler/739443,Centre-Forward,24,Brentford FC,1148,https://www.transfermarkt.com/fc-brentford/startseite/verein/1148,€65.00m,65000000,England,First Tier
Brazil,Brazil,19,Endrick,971570,https://www.transfermarkt.com/endrick/profil/spieler/971570,Centre-Forward,19,Olympique Lyon,1041,https://www.transfermarkt.com/olympique-lyon/startseite/verein/1041,€40.00m,40000000,France,First Tier
Canada,Canada,1,Dayne St. Clair,439750,https://www.transfermarkt.com/dayne-st-clair/profil/spieler/439750,Goalkeeper,29,Inter Miami CF,69261,https://www.transfermarkt.com/inter-miami-cf/startseite/verein/69261,€3.50m,3500000,United States,First Tier
Canada,Canada,16,Maxime Crépeau,189014,https://www.transfermarkt.com/maxime-crepeau/profil/spieler/189014,Goalkeeper,32,Orlando City SC,45604,https://www.transfermarkt.com/orlando-city-sc/startseite/verein/45604,€1.80m,1800000,United States,First Tier
Canada,Canada,18,Owen Goodman,814848,https://www.transfermarkt.com/owen-goodman/profil/spieler/814848,Goalkeeper,22,Barnsley FC,349,https://www.transfermarkt.com/fc-barnsley/startseite/verein/349,€550k,550000,England,Third Tier
Canada,Canada,15,Moïse Bombito,1089202,https://www.transfermarkt.com/moise-bombito/profil/spieler/1089202,Centre-Back,26,OGC Nice,417,https://www.transfermarkt.com/ogc-nizza/startseite/verein/417,€7.00m,7000000,France,First Tier
Canada,Canada,3,Alfie Jones,340990,https://www.transfermarkt.com/alfie-jones/profil/spieler/340990,Centre-Back,28,Middlesbrough FC,641,https://www.transfermarkt.com/fc-middlesbrough/startseite/verein/641,€6.00m,6000000,England,Second Tier
Canada,Canada,13,Derek Cornelius,328609,https://www.transfermarkt.com/derek-cornelius/profil/spieler/328609,Centre-Back,28,Olympique Marseille,244,https://www.transfermarkt.com/olympique-marseille/startseite/verein/244,€2.50m,2500000,France,First Tier
Canada,Canada,5,Joel Waterman,441738,https://www.transfermarkt.com/joel-waterman/profil/spieler/441738,Centre-Back,30,Chicago Fire FC,432,https://www.transfermarkt.com/chicago-fire-fc/startseite/verein/432,€2.00m,2000000,United States,First Tier
Canada,Canada,4,Luc De Fougerolles,921995,https://www.transfermarkt.com/luc-de-fougerolles/profil/spieler/921995,Centre-Back,20,FCV Dender EH,9010,https://www.transfermarkt.com/fcv-dender-eh/startseite/verein/9010,€1.00m,1000000,Belgium,First Tier
Canada,Canada,19,Alphonso Davies,424204,https://www.transfermarkt.com/alphonso-davies/profil/spieler/424204,Left-Back,25,Bayern Munich,27,https://www.transfermarkt.com/fc-bayern-munchen/startseite/verein/27,€40.00m,40000000,Germany,First Tier
Canada,Canada,2,Alistair Johnston,637446,https://www.transfermarkt.com/alistair-johnston/profil/spieler/637446,Right-Back,27,Celtic FC,371,https://www.transfermarkt.com/celtic-glasgow/startseite/verein/371,€8.00m,8000000,Scotland,First Tier
Canada,Canada,22,Richie Laryea,417348,https://www.transfermarkt.com/richie-laryea/profil/spieler/417348,Right-Back,31,Toronto FC,11141,https://www.transfermarkt.com/toronto-fc/startseite/verein/11141,€1.00m,1000000,United States,First Tier
Canada,Canada,23,Niko Sigur,1045375,https://www.transfermarkt.com/niko-sigur/profil/spieler/1045375,Defensive Midfield,22,HNK Hajduk Split,447,https://www.transfermarkt.com/hnk-hajduk-split/startseite/verein/447,€4.00m,4000000,Croatia,First Tier
Canada,Canada,8,Ismaël Koné,921655,https://www.transfermarkt.com/ismael-kone/profil/spieler/921655,Central Midfield,23,US Sassuolo,6574,https://www.transfermarkt.com/us-sassuolo/startseite/verein/6574,€25.00m,25000000,Italy,First Tier
Canada,Canada,25,Nathan-Dylan Saliba,842420,https://www.transfermarkt.com/nathan-dylan-saliba/profil/spieler/842420,Central Midfield,22,RSC Anderlecht,58,https://www.transfermarkt.com/rsc-anderlecht/startseite/verein/58,€7.50m,7500000,Belgium,First Tier
Canada,Canada,7,Stephen Eustaquio,512913,https://www.transfermarkt.com/stephen-eustaquio/profil/spieler/512913,Central Midfield,29,Los Angeles FC,51828,https://www.transfermarkt.com/los-angeles-fc/startseite/verein/51828,€6.00m,6000000,United States,First Tier
Canada,Canada,21,Jonathan Osorio,260807,https://www.transfermarkt.com/jonathan-osorio/profil/spieler/260807,Central Midfield,33,Toronto FC,11141,https://www.transfermarkt.com/toronto-fc/startseite/verein/11141,€1.00m,1000000,United States,First Tier
Canada,Canada,6,Mathieu Choinière,589006,https://www.transfermarkt.com/mathieu-choiniere/profil/spieler/589006,Central Midfield,27,Los Angeles FC,51828,https://www.transfermarkt.com/los-angeles-fc/startseite/verein/51828,€800k,800000,United States,First Tier
Canada,Canada,20,Ali Ahmed,995642,https://www.transfermarkt.com/ali-ahmed/profil/spieler/995642,Left Midfield,25,Norwich City,1123,https://www.transfermarkt.com/norwich-city/startseite/verein/1123,€5.00m,5000000,England,Second Tier
Canada,Canada,11,Liam Millar,487417,https://www.transfermarkt.com/liam-millar/profil/spieler/487417,Left Winger,26,Hull City,3008,https://www.transfermarkt.com/hull-city/startseite/verein/3008,€3.00m,3000000,England,Second Tier
Canada,Canada,14,Jacob Shaffelburg,637632,https://www.transfermarkt.com/jacob-shaffelburg/profil/spieler/637632,Left Winger,26,Los Angeles FC,51828,https://www.transfermarkt.com/los-angeles-fc/startseite/verein/51828,€2.50m,2500000,United States,First Tier
Canada,Canada,17,Tajon Buchanan,638793,https://www.transfermarkt.com/tajon-buchanan/profil/spieler/638793,Right Winger,27,Villarreal CF,1050,https://www.transfermarkt.com/fc-villarreal/startseite/verein/1050,€12.00m,12000000,Spain,First Tier
Canada,Canada,10,Jonathan David,533738,https://www.transfermarkt.com/jonathan-david/profil/spieler/533738,Centre-Forward,26,Juventus FC,506,https://www.transfermarkt.com/juventus-turin/startseite/verein/506,€30.00m,30000000,Italy,First Tier
Canada,Canada,24,Promise David,888785,https://www.transfermarkt.com/promise-david/profil/spieler/888785,Centre-Forward,24,Union Saint-Gilloise,3948,https://www.transfermarkt.com/royale-union-saint-gilloise/startseite/verein/3948,€17.00m,17000000,Belgium,First Tier
Canada,Canada,12,Tani Oluwaseyi,972465,https://www.transfermarkt.com/tani-oluwaseyi/profil/spieler/972465,Centre-Forward,26,Villarreal CF,1050,https://www.transfermarkt.com/fc-villarreal/startseite/verein/1050,€7.00m,7000000,Spain,First Tier
Canada,Canada,9,Cyle Larin,343463,https://www.transfermarkt.com/cyle-larin/profil/spieler/343463,Centre-Forward,31,Southampton FC,180,https://www.transfermarkt.com/fc-southampton/startseite/verein/180,€2.50m,2500000,England,Second Tier
Cape Verde,Cape Verde,23,CJ dos Santos,532096,https://www.transfermarkt.com/cj-dos-santos/profil/spieler/532096,Goalkeeper,25,San Diego FC,114977,https://www.transfermarkt.com/san-diego-fc/startseite/verein/114977,€1.00m,1000000,United States,First Tier
Cape Verde,Cape Verde,12,Márcio Rosa,398048,https://www.transfermarkt.com/marcio-rosa/profil/spieler/398048,Goalkeeper,29,Montana,24078,https://www.transfermarkt.com/pfc-montana/startseite/verein/24078,€350k,350000,Bulgaria,First Tier
Cape Verde,Cape Verde,1,Vozinha,242277,https://www.transfermarkt.com/vozinha/profil/spieler/242277,Goalkeeper,40,GD Chaves,3325,https://www.transfermarkt.com/gd-chaves/startseite/verein/3325,€50k,50000,Portugal,Second Tier
Cape Verde,Cape Verde,5,Logan Costa,484988,https://www.transfermarkt.com/logan-costa/profil/spieler/484988,Centre-Back,25,Villarreal CF,1050,https://www.transfermarkt.com/fc-villarreal/startseite/verein/1050,€15.00m,15000000,Spain,First Tier
Cape Verde,Cape Verde,3,Diney Borges,349570,https://www.transfermarkt.com/diney-borges/profil/spieler/349570,Centre-Back,31,Al-Bataeh CSC,78312,https://www.transfermarkt.com/al-bataeh-club/startseite/verein/78312,€900k,900000,United Arab Emirates,First Tier
Cape Verde,Cape Verde,25,Kelvin Pires,662119,https://www.transfermarkt.com/kelvin-pires/profil/spieler/662119,Centre-Back,26,SJK Seinäjoki,23777,https://www.transfermarkt.com/sjk-seinajoki/startseite/verein/23777,€400k,400000,Finland,First Tier
Cape Verde,Cape Verde,4,Roberto Lopes,166158,https://www.transfermarkt.com/roberto-lopes/profil/spieler/166158,Centre-Back,33,Shamrock Rovers,3258,https://www.transfermarkt.com/shamrock-rovers/startseite/verein/3258,€250k,250000,Ireland,First Tier
Cape Verde,Cape Verde,2,Stopira,80486,https://www.transfermarkt.com/stopira/profil/spieler/80486,Centre-Back,38,SC União Torreense,2432,https://www.transfermarkt.com/sc-uniao-torreense/startseite/verein/2432,€50k,50000,Portugal,Second Tier
Cape Verde,Cape Verde,13,Sidny Lopes Cabral,611855,https://www.transfermarkt.com/sidny-lopes-cabral/profil/spieler/611855,Left-Back,23,SL Benfica,294,https://www.transfermarkt.com/benfica-lissabon/startseite/verein/294,€4.00m,4000000,Portugal,First Tier
Cape Verde,Cape Verde,24,Wagner Pina,1072017,https://www.transfermarkt.com/wagner-pina/profil/spieler/1072017,Right-Back,23,Trabzonspor,449,https://www.transfermarkt.com/trabzonspor/startseite/verein/449,€11.00m,11000000,Türkiye,First Tier
Cape Verde,Cape Verde,22,Steven Moreira,203517,https://www.transfermarkt.com/steven-moreira/profil/spieler/203517,Right-Back,31,Columbus Crew,813,https://www.transfermarkt.com/columbus-crew-sc/startseite/verein/813,€1.50m,1500000,United States,First Tier
Cape Verde,Cape Verde,6,Kevin Lenini,544586,https://www.transfermarkt.com/kevin-lenini/profil/spieler/544586,Defensive Midfield,29,FC Krasnodar,16704,https://www.transfermarkt.com/fk-krasnodar/startseite/verein/16704,€5.00m,5000000,Russia,First Tier
Cape Verde,Cape Verde,15,Laros Duarte,258513,https://www.transfermarkt.com/laros-duarte/profil/spieler/258513,Defensive Midfield,29,Puskás Akadémia FC,37169,https://www.transfermarkt.com/puskas-akademia-fc/startseite/verein/37169,€1.00m,1000000,Hungary,First Tier
Cape Verde,Cape Verde,8,João Paulo,623965,https://www.transfermarkt.com/joao-paulo/profil/spieler/623965,Defensive Midfield,28,FCSB,301,https://www.transfermarkt.com/fcsb/startseite/verein/301,€900k,900000,Romania,First Tier
Cape Verde,Cape Verde,14,Deroy Duarte,432852,https://www.transfermarkt.com/deroy-duarte/profil/spieler/432852,Central Midfield,26,Ludogorets Razgrad,31614,https://www.transfermarkt.com/pfk-ludogorets-razgrad/startseite/verein/31614,€1.80m,1800000,Bulgaria,First Tier
Cape Verde,Cape Verde,10,Jamiro Monteiro,272930,https://www.transfermarkt.com/jamiro-monteiro/profil/spieler/272930,Central Midfield,32,PEC Zwolle,1269,https://www.transfermarkt.com/pec-zwolle/startseite/verein/1269,€650k,650000,Netherlands,First Tier
Cape Verde,Cape Verde,16,Yannick Semedo,620307,https://www.transfermarkt.com/yannick-semedo/profil/spieler/620307,Central Midfield,30,SC Farense,4294,https://www.transfermarkt.com/sc-farense/startseite/verein/4294,€250k,250000,Portugal,Second Tier
Cape Verde,Cape Verde,26,Hélio Varela,840836,https://www.transfermarkt.com/helio-varela/profil/spieler/840836,Left Winger,24,Maccabi Tel Aviv,119,https://www.transfermarkt.com/maccabi-tel-aviv/startseite/verein/119,€2.50m,2500000,Israel,First Tier
Cape Verde,Cape Verde,7,Jovane Cabral,448466,https://www.transfermarkt.com/jovane-cabral/profil/spieler/448466,Left Winger,27,CF Estrela Amadora,2431,https://www.transfermarkt.com/cf-estrela-amadora-sad/startseite/verein/2431,€1.00m,1000000,Portugal,First Tier
Cape Verde,Cape Verde,17,Willy Semedo,531450,https://www.transfermarkt.com/willy-semedo/profil/spieler/531450,Left Winger,32,Omonia Nicosia,829,https://www.transfermarkt.com/omonia-nikosia/startseite/verein/829,€1.00m,1000000,Cyprus,First Tier
Cape Verde,Cape Verde,20,Ryan Mendes,111627,https://www.transfermarkt.com/ryan-mendes/profil/spieler/111627,Left Winger,36,Igdir FK,74664,https://www.transfermarkt.com/76-igdir-belediye-spor/startseite/verein/74664,€200k,200000,Türkiye,Second Tier
Cape Verde,Cape Verde,18,Telmo Arcanjo,791528,https://www.transfermarkt.com/telmo-arcanjo/profil/spieler/791528,Right Winger,24,Vitória Guimarães SC,2420,https://www.transfermarkt.com/vitoria-guimaraes-sc/startseite/verein/2420,€3.00m,3000000,Portugal,First Tier
Cape Verde,Cape Verde,11,Garry Rodrigues,170895,https://www.transfermarkt.com/garry-rodrigues/profil/spieler/170895,Right Winger,35,Apollon Limassol,429,https://www.transfermarkt.com/apollon-limassol/startseite/verein/429,€300k,300000,Cyprus,First Tier
Cape Verde,Cape Verde,9,Benchimol,820252,https://www.transfermarkt.com/benchimol/profil/spieler/820252,Centre-Forward,24,Akron Tolyatti,71985,https://www.transfermarkt.com/akron-togliatti/startseite/verein/71985,€1.20m,1200000,Russia,First Tier
Cape Verde,Cape Verde,19,Dailon Livramento,676411,https://www.transfermarkt.com/dailon-livramento/profil/spieler/676411,Centre-Forward,25,Casa Pia AC,3268,https://www.transfermarkt.com/casa-pia-ac/startseite/verein/3268,€800k,800000,Portugal,First Tier
Cape Verde,Cape Verde,21,Nuno Da Costa,306166,https://www.transfermarkt.com/nuno-da-costa/profil/spieler/306166,Centre-Forward,35,Basaksehir FK,6890,https://www.transfermarkt.com/istanbul-basaksehir-fk/startseite/verein/6890,€400k,400000,Türkiye,First Tier
Colombia,Colombia,24,Álvaro Montero,292985,https://www.transfermarkt.com/alvaro-montero/profil/spieler/292985,Goalkeeper,31,CA Vélez Sarsfield,1029,https://www.transfermarkt.com/club-atletico-velez-sarsfield/startseite/verein/1029,€2.50m,2500000,Argentina,First Tier
Colombia,Colombia,12,Camilo Vargas,74113,https://www.transfermarkt.com/camilo-vargas/profil/spieler/74113,Goalkeeper,37,Atlas Guadalajara,8590,https://www.transfermarkt.com/atlas-guadalajara/startseite/verein/8590,€450k,450000,Mexico,First Tier
Colombia,Colombia,1,David Ospina,73396,https://www.transfermarkt.com/david-ospina/profil/spieler/73396,Goalkeeper,37,Atlético Nacional,8172,https://www.transfermarkt.com/atletico-nacional/startseite/verein/8172,€100k,100000,Colombia,First Tier
Colombia,Colombia,3,Jhon Lucumí,413565,https://www.transfermarkt.com/jhon-lucumi/profil/spieler/413565,Centre-Back,27,Bologna FC 1909,1025,https://www.transfermarkt.com/fc-bologna/startseite/verein/1025,€22.00m,22000000,Italy,First Tier
Colombia,Colombia,23,Davinson Sánchez,341429,https://www.transfermarkt.com/davinson-sanchez/profil/spieler/341429,Centre-Back,29,Galatasaray,141,https://www.transfermarkt.com/galatasaray-istanbul/startseite/verein/141,€16.00m,16000000,Türkiye,First Tier
Colombia,Colombia,18,Willer Ditta,609255,https://www.transfermarkt.com/willer-ditta/profil/spieler/609255,Centre-Back,28,CD Cruz Azul,3711,https://www.transfermarkt.com/cd-cruz-azul/startseite/verein/3711,€5.50m,5500000,Mexico,First Tier
Colombia,Colombia,13,Yerry Mina,289446,https://www.transfermarkt.com/yerry-mina/profil/spieler/289446,Centre-Back,31,Cagliari Calcio,1390,https://www.transfermarkt.com/cagliari-calcio/startseite/verein/1390,€2.50m,2500000,Italy,First Tier
Colombia,Colombia,22,Deiver Machado,332560,https://www.transfermarkt.com/deiver-machado/profil/spieler/332560,Left-Back,32,FC Nantes,995,https://www.transfermarkt.com/fc-nantes/startseite/verein/995,€1.80m,1800000,France,First Tier
Colombia,Colombia,17,Johan Mojica,262939,https://www.transfermarkt.com/johan-mojica/profil/spieler/262939,Left-Back,33,RCD Mallorca,237,https://www.transfermarkt.com/rcd-mallorca/startseite/verein/237,€1.50m,1500000,Spain,First Tier
Colombia,Colombia,2,Daniel Muñoz,493003,https://www.transfermarkt.com/daniel-munoz/profil/spieler/493003,Right-Back,30,Crystal Palace,873,https://www.transfermarkt.com/crystal-palace/startseite/verein/873,€22.00m,22000000,England,First Tier
Colombia,Colombia,4,Santiago Arias,120443,https://www.transfermarkt.com/santiago-arias/profil/spieler/120443,Right-Back,34,CA Independiente,1234,https://www.transfermarkt.com/club-atletico-independiente/startseite/verein/1234,€1.20m,1200000,Argentina,First Tier
Colombia,Colombia,6,Richard Ríos,735573,https://www.transfermarkt.com/richard-rios/profil/spieler/735573,Defensive Midfield,26,SL Benfica,294,https://www.transfermarkt.com/benfica-lissabon/startseite/verein/294,€25.00m,25000000,Portugal,First Tier
Colombia,Colombia,16,Jefferson Lerma,262980,https://www.transfermarkt.com/jefferson-lerma/profil/spieler/262980,Defensive Midfield,31,Crystal Palace,873,https://www.transfermarkt.com/crystal-palace/startseite/verein/873,€6.00m,6000000,England,First Tier
Colombia,Colombia,5,Kevin Castaño,857948,https://www.transfermarkt.com/kevin-castano/profil/spieler/857948,Defensive Midfield,25,CA River Plate,209,https://www.transfermarkt.com/club-atletico-river-plate/startseite/verein/209,€5.00m,5000000,Argentina,First Tier
Colombia,Colombia,14,Gustavo Puerta,936981,https://www.transfermarkt.com/gustavo-puerta/profil/spieler/936981,Central Midfield,22,Racing Santander,630,https://www.transfermarkt.com/racing-santander/startseite/verein/630,€10.00m,10000000,Spain,Second Tier
Colombia,Colombia,15,Juan Portilla,585747,https://www.transfermarkt.com/juan-portilla/profil/spieler/585747,Central Midfield,27,Club Athletico Paranaense,679,https://www.transfermarkt.com/club-athletico-paranaense/startseite/verein/679,€5.00m,5000000,Brazil,First Tier
Colombia,Colombia,8,Jorge Carrascal,354145,https://www.transfermarkt.com/jorge-carrascal/profil/spieler/354145,Attacking Midfield,28,CR Flamengo,614,https://www.transfermarkt.com/flamengo-rio-de-janeiro/startseite/verein/614,€13.00m,13000000,Brazil,First Tier
Colombia,Colombia,20,Juan Fernando Quintero,122582,https://www.transfermarkt.com/juan-fernando-quintero/profil/spieler/122582,Attacking Midfield,33,CA River Plate,209,https://www.transfermarkt.com/club-atletico-river-plate/startseite/verein/209,€1.80m,1800000,Argentina,First Tier
Colombia,Colombia,10,James Rodríguez,88103,https://www.transfermarkt.com/james-rodriguez/profil/spieler/88103,Attacking Midfield,34,Minnesota United FC,56089,https://www.transfermarkt.com/minnesota-united-fc/startseite/verein/56089,€1.50m,1500000,United States,First Tier
Colombia,Colombia,7,Luis Díaz,480692,https://www.transfermarkt.com/luis-diaz/profil/spieler/480692,Left Winger,29,Bayern Munich,27,https://www.transfermarkt.com/fc-bayern-munchen/startseite/verein/27,€70.00m,70000000,Germany,First Tier
Colombia,Colombia,26,Andrés Gómez,957461,https://www.transfermarkt.com/andres-gomez/profil/spieler/957461,Left Winger,23,Clube de Regatas Vasco da Gama,978,https://www.transfermarkt.com/vasco-da-gama-rio-de-janeiro/startseite/verein/978,€11.00m,11000000,Brazil,First Tier
Colombia,Colombia,21,Jáminton Campaz,491553,https://www.transfermarkt.com/jaminton-campaz/profil/spieler/491553,Left Winger,26,CA Rosario Central,1418,https://www.transfermarkt.com/club-atletico-rosario-central/startseite/verein/1418,€5.50m,5500000,Argentina,First Tier
Colombia,Colombia,11,Jhon Arias,588989,https://www.transfermarkt.com/jhon-arias/profil/spieler/588989,Right Winger,28,Sociedade Esportiva Palmeiras,1023,https://www.transfermarkt.com/se-palmeiras-sao-paulo/startseite/verein/1023,€15.00m,15000000,Brazil,First Tier
Colombia,Colombia,25,Luis Suárez,424784,https://www.transfermarkt.com/luis-suarez/profil/spieler/424784,Centre-Forward,28,Sporting CP,336,https://www.transfermarkt.com/sporting-lissabon/startseite/verein/336,€30.00m,30000000,Portugal,First Tier
Colombia,Colombia,19,Cucho Hernández,459463,https://www.transfermarkt.com/cucho-hernandez/profil/spieler/459463,Centre-Forward,27,Real Betis Balompié,150,https://www.transfermarkt.com/real-betis-sevilla/startseite/verein/150,€18.00m,18000000,Spain,First Tier
Colombia,Colombia,9,Jhon Córdoba,185245,https://www.transfermarkt.com/jhon-cordoba/profil/spieler/185245,Centre-Forward,33,FC Krasnodar,16704,https://www.transfermarkt.com/fk-krasnodar/startseite/verein/16704,€10.00m,10000000,Russia,First Tier
Croatia,Croatia,23,Dominik Kotarski,370997,https://www.transfermarkt.com/dominik-kotarski/profil/spieler/370997,Goalkeeper,26,FC Copenhagen,190,https://www.transfermarkt.com/fc-kopenhagen/startseite/verein/190,€5.00m,5000000,Denmark,First Tier
Croatia,Croatia,12,Ivor Pandur,371013,https://www.transfermarkt.com/ivor-pandur/profil/spieler/371013,Goalkeeper,26,Hull City,3008,https://www.transfermarkt.com/hull-city/startseite/verein/3008,€4.50m,4500000,England,Second Tier
Croatia,Croatia,1,Dominik Livakovic,205927,https://www.transfermarkt.com/dominik-livakovic/profil/spieler/205927,Goalkeeper,31,GNK Dinamo Zagreb,419,https://www.transfermarkt.com/gnk-dinamo-zagreb/startseite/verein/419,€4.00m,4000000,Croatia,First Tier
Croatia,Croatia,4,Josko Gvardiol,475959,https://www.transfermarkt.com/josko-gvardiol/profil/spieler/475959,Centre-Back,24,Manchester City,281,https://www.transfermarkt.com/manchester-city/startseite/verein/281,€70.00m,70000000,England,First Tier
Croatia,Croatia,22,Luka Vuskovic,892160,https://www.transfermarkt.com/luka-vuskovic/profil/spieler/892160,Centre-Back,19,Hamburger SV,41,https://www.transfermarkt.com/hamburger-sv/startseite/verein/41,€60.00m,60000000,Germany,First Tier
Croatia,Croatia,6,Josip Sutalo,371001,https://www.transfermarkt.com/josip-sutalo/profil/spieler/371001,Centre-Back,26,Ajax Amsterdam,610,https://www.transfermarkt.com/ajax-amsterdam/startseite/verein/610,€12.00m,12000000,Netherlands,First Tier
Croatia,Croatia,3,Marin Pongracic,282144,https://www.transfermarkt.com/marin-pongracic/profil/spieler/282144,Centre-Back,28,ACF Fiorentina,430,https://www.transfermarkt.com/ac-florenz/startseite/verein/430,€6.50m,6500000,Italy,First Tier
Croatia,Croatia,25,Martin Erlić,357003,https://www.transfermarkt.com/martin-erlic/profil/spieler/357003,Centre-Back,28,FC Midtjylland,865,https://www.transfermarkt.com/fc-midtjylland/startseite/verein/865,€4.00m,4000000,Denmark,First Tier
Croatia,Croatia,5,Duje Caleta-Car,238266,https://www.transfermarkt.com/duje-caleta-car/profil/spieler/238266,Centre-Back,29,Real Sociedad,681,https://www.transfermarkt.com/real-sociedad-san-sebastian/startseite/verein/681,€2.80m,2800000,Spain,First Tier
Croatia,Croatia,2,Josip Stanisic,483046,https://www.transfermarkt.com/josip-stanisic/profil/spieler/483046,Right-Back,26,Bayern Munich,27,https://www.transfermarkt.com/fc-bayern-munchen/startseite/verein/27,€40.00m,40000000,Germany,First Tier
Croatia,Croatia,7,Nikola Moro,316934,https://www.transfermarkt.com/nikola-moro/profil/spieler/316934,Defensive Midfield,28,Bologna FC 1909,1025,https://www.transfermarkt.com/fc-bologna/startseite/verein/1025,€7.00m,7000000,Italy,First Tier
Croatia,Croatia,18,Kristijan Jakic,374954,https://www.transfermarkt.com/kristijan-jakic/profil/spieler/374954,Defensive Midfield,29,FC Augsburg,167,https://www.transfermarkt.com/fc-augsburg/startseite/verein/167,€6.00m,6000000,Germany,First Tier
Croatia,Croatia,17,Petar Sučić,668207,https://www.transfermarkt.com/petar-sucic/profil/spieler/668207,Central Midfield,22,Inter Milan,46,https://www.transfermarkt.com/inter-mailand/startseite/verein/46,€40.00m,40000000,Italy,First Tier
Croatia,Croatia,8,Mateo Kovacic,51471,https://www.transfermarkt.com/mateo-kovacic/profil/spieler/51471,Central Midfield,32,Manchester City,281,https://www.transfermarkt.com/manchester-city/startseite/verein/281,€10.00m,10000000,England,First Tier
Croatia,Croatia,21,Luka Sucic,502722,https://www.transfermarkt.com/luka-sucic/profil/spieler/502722,Central Midfield,23,Real Sociedad,681,https://www.transfermarkt.com/real-sociedad-san-sebastian/startseite/verein/681,€10.00m,10000000,Spain,First Tier
Croatia,Croatia,15,Mario Pašalić,205938,https://www.transfermarkt.com/mario-pasalic/profil/spieler/205938,Central Midfield,31,Atalanta BC,800,https://www.transfermarkt.com/atalanta-bergamo/startseite/verein/800,€6.00m,6000000,Italy,First Tier
Croatia,Croatia,10,Luka Modrić,27992,https://www.transfermarkt.com/luka-modric/profil/spieler/27992,Central Midfield,40,AC Milan,5,https://www.transfermarkt.com/ac-mailand/startseite/verein/5,€3.50m,3500000,Italy,First Tier
Croatia,Croatia,16,Martin Baturina,580451,https://www.transfermarkt.com/martin-baturina/profil/spieler/580451,Attacking Midfield,23,Como 1907,1047,https://www.transfermarkt.com/como-1907/startseite/verein/1047,€30.00m,30000000,Italy,First Tier
Croatia,Croatia,13,Nikola Vlašić,293200,https://www.transfermarkt.com/nikola-vlasic/profil/spieler/293200,Attacking Midfield,28,Torino FC,416,https://www.transfermarkt.com/fc-turin/startseite/verein/416,€10.00m,10000000,Italy,First Tier
Croatia,Croatia,19,Toni Fruk,432758,https://www.transfermarkt.com/toni-fruk/profil/spieler/432758,Attacking Midfield,25,HNK Rijeka,144,https://www.transfermarkt.com/hnk-rijeka/startseite/verein/144,€9.00m,9000000,Croatia,First Tier
Croatia,Croatia,9,Andrej Kramaric,46580,https://www.transfermarkt.com/andrej-kramaric/profil/spieler/46580,Attacking Midfield,34,TSG 1899 Hoffenheim,533,https://www.transfermarkt.com/tsg-1899-hoffenheim/startseite/verein/533,€2.50m,2500000,Germany,First Tier
Croatia,Croatia,14,Ivan Perišić,42460,https://www.transfermarkt.com/ivan-perisic/profil/spieler/42460,Left Winger,37,PSV Eindhoven,383,https://www.transfermarkt.com/psv-eindhoven/startseite/verein/383,€1.20m,1200000,Netherlands,First Tier
Croatia,Croatia,24,Marco Pašalić,395928,https://www.transfermarkt.com/marco-pasalic/profil/spieler/395928,Right Winger,25,Orlando City SC,45604,https://www.transfermarkt.com/orlando-city-sc/startseite/verein/45604,€6.50m,6500000,United States,First Tier
Croatia,Croatia,20,Igor Matanovic,605268,https://www.transfermarkt.com/igor-matanovic/profil/spieler/605268,Centre-Forward,23,SC Freiburg,60,https://www.transfermarkt.com/sc-freiburg/startseite/verein/60,€22.00m,22000000,Germany,First Tier
Croatia,Croatia,26,Petar Musa,387110,https://www.transfermarkt.com/petar-musa/profil/spieler/387110,Centre-Forward,28,FC Dallas,8816,https://www.transfermarkt.com/fc-dallas/startseite/verein/8816,€12.00m,12000000,United States,First Tier
Croatia,Croatia,11,Ante Budimir,46413,https://www.transfermarkt.com/ante-budimir/profil/spieler/46413,Centre-Forward,34,CA Osasuna,331,https://www.transfermarkt.com/ca-osasuna/startseite/verein/331,€2.80m,2800000,Spain,First Tier
Curaçao,Curaçao,1,Eloy Room,79294,https://www.transfermarkt.com/eloy-room/profil/spieler/79294,Goalkeeper,37,Miami FC,42814,https://www.transfermarkt.com/miami-fc/startseite/verein/42814,€150k,150000,United States,Second Tier
Curaçao,Curaçao,26,Trevor Doornbusch,390814,https://www.transfermarkt.com/trevor-doornbusch/profil/spieler/390814,Goalkeeper,26,VVV-Venlo,1426,https://www.transfermarkt.com/vvv-venlo/startseite/verein/1426,€50k,50000,Netherlands,Second Tier
Curaçao,Curaçao,25,Tyrick Bodak,663961,https://www.transfermarkt.com/tyrick-bodak/profil/spieler/663961,Goalkeeper,24,SC Telstar,1434,https://www.transfermarkt.com/sc-telstar/startseite/verein/1434,€25k,25000,Netherlands,First Tier
Curaçao,Curaçao,18,Armando Obispo,339337,https://www.transfermarkt.com/armando-obispo/profil/spieler/339337,Centre-Back,27,PSV Eindhoven,383,https://www.transfermarkt.com/psv-eindhoven/startseite/verein/383,€4.00m,4000000,Netherlands,First Tier
Curaçao,Curaçao,23,Riechedly Bazoer,216443,https://www.transfermarkt.com/riechedly-bazoer/profil/spieler/216443,Centre-Back,29,Konyaspor,2293,https://www.transfermarkt.com/konyaspor/startseite/verein/2293,€1.50m,1500000,Türkiye,First Tier
Curaçao,Curaçao,24,Deveron Fonville,708989,https://www.transfermarkt.com/deveron-fonville/profil/spieler/708989,Centre-Back,23,NEC Nijmegen,467,https://www.transfermarkt.com/nec-nijmegen/startseite/verein/467,€1.50m,1500000,Netherlands,First Tier
Curaçao,Curaçao,4,Roshon van Eijma,401029,https://www.transfermarkt.com/roshon-van-eijma/profil/spieler/401029,Centre-Back,27,RKC Waalwijk,235,https://www.transfermarkt.com/rkc-waalwijk/startseite/verein/235,€375k,375000,Netherlands,Second Tier
Curaçao,Curaçao,3,Juriën Gaari,328455,https://www.transfermarkt.com/jurien-gaari/profil/spieler/328455,Centre-Back,32,Abha Club,40039,https://www.transfermarkt.com/abha-club/startseite/verein/40039,€350k,350000,Saudi Arabia,Second Tier
Curaçao,Curaçao,5,Sherel Floranus,315211,https://www.transfermarkt.com/sherel-floranus/profil/spieler/315211,Left-Back,27,PEC Zwolle,1269,https://www.transfermarkt.com/pec-zwolle/startseite/verein/1269,€800k,800000,Netherlands,First Tier
Curaçao,Curaçao,2,Shurandy Sambo,412937,https://www.transfermarkt.com/shurandy-sambo/profil/spieler/412937,Right-Back,24,Sparta Rotterdam,468,https://www.transfermarkt.com/sparta-rotterdam/startseite/verein/468,€1.30m,1300000,Netherlands,First Tier
Curaçao,Curaçao,20,Joshua Brenet,207006,https://www.transfermarkt.com/joshua-brenet/profil/spieler/207006,Right-Back,32,Kayserispor,3205,https://www.transfermarkt.com/kayserispor/startseite/verein/3205,€1.00m,1000000,Türkiye,First Tier
Curaçao,Curaçao,8,Livano Comenencia,626764,https://www.transfermarkt.com/livano-comenencia/profil/spieler/626764,Right-Back,22,FC Zürich,260,https://www.transfermarkt.com/fc-zurich/startseite/verein/260,€500k,500000,Switzerland,First Tier
Curaçao,Curaçao,22,Kevin Felida,433933,https://www.transfermarkt.com/kevin-felida/profil/spieler/433933,Defensive Midfield,26,FC Den Bosch,404,https://www.transfermarkt.com/fc-den-bosch/startseite/verein/404,€400k,400000,Netherlands,Second Tier
Curaçao,Curaçao,6,Godfried Roemeratoe,393241,https://www.transfermarkt.com/godfried-roemeratoe/profil/spieler/393241,Defensive Midfield,26,RKC Waalwijk,235,https://www.transfermarkt.com/rkc-waalwijk/startseite/verein/235,€350k,350000,Netherlands,Second Tier
Curaçao,Curaçao,7,Juninho Bacuna,348863,https://www.transfermarkt.com/juninho-bacuna/profil/spieler/348863,Central Midfield,28,FC Volendam,724,https://www.transfermarkt.com/fc-volendam/startseite/verein/724,€1.70m,1700000,Netherlands,First Tier
Curaçao,Curaçao,10,Leandro Bacuna,126014,https://www.transfermarkt.com/leandro-bacuna/profil/spieler/126014,Central Midfield,34,Igdir FK,74664,https://www.transfermarkt.com/76-igdir-belediye-spor/startseite/verein/74664,€250k,250000,Türkiye,Second Tier
Curaçao,Curaçao,13,Tyrese Noslin,708005,https://www.transfermarkt.com/tyrese-noslin/profil/spieler/708005,Right Midfield,23,SC Telstar,1434,https://www.transfermarkt.com/sc-telstar/startseite/verein/1434,€750k,750000,Netherlands,First Tier
Curaçao,Curaçao,21,Tahith Chong,344830,https://www.transfermarkt.com/tahith-chong/profil/spieler/344830,Attacking Midfield,26,Sheffield United,350,https://www.transfermarkt.com/sheffield-united/startseite/verein/350,€3.50m,3500000,England,Second Tier
Curaçao,Curaçao,16,Jearl Margaritha,538958,https://www.transfermarkt.com/jearl-margaritha/profil/spieler/538958,Left Winger,26,SK Beveren,28643,https://www.transfermarkt.com/waasland-beveren/startseite/verein/28643,€1.00m,1000000,Belgium,Second Tier
Curaçao,Curaçao,11,Jeremy Antonisse,594273,https://www.transfermarkt.com/jeremy-antonisse/profil/spieler/594273,Left Winger,24,AE Kifisia,30120,https://www.transfermarkt.com/ae-kifisias/startseite/verein/30120,€800k,800000,Greece,First Tier
Curaçao,Curaçao,14,Kenji Gorré,374889,https://www.transfermarkt.com/kenji-gorre/profil/spieler/374889,Left Winger,31,Maccabi Haifa,1064,https://www.transfermarkt.com/maccabi-haifa/startseite/verein/1064,€600k,600000,Israel,First Tier
Curaçao,Curaçao,12,Sontje Hansen,485582,https://www.transfermarkt.com/sontje-hansen/profil/spieler/485582,Right Winger,24,Middlesbrough FC,641,https://www.transfermarkt.com/fc-middlesbrough/startseite/verein/641,€3.50m,3500000,England,Second Tier
Curaçao,Curaçao,15,Ar'jany Martha,572519,https://www.transfermarkt.com/arjany-martha/profil/spieler/572519,Right Winger,22,Rotherham United,1194,https://www.transfermarkt.com/rotherham-united/startseite/verein/1194,€700k,700000,England,Third Tier
Curaçao,Curaçao,17,Brandley Kuwas,232219,https://www.transfermarkt.com/brandley-kuwas/profil/spieler/232219,Right Winger,33,FC Volendam,724,https://www.transfermarkt.com/fc-volendam/startseite/verein/724,€250k,250000,Netherlands,First Tier
Curaçao,Curaçao,19,Gervane Kastaneer,240752,https://www.transfermarkt.com/gervane-kastaneer/profil/spieler/240752,Centre-Forward,29,Terengganu FC,15838,https://www.transfermarkt.com/terengganu-fc/startseite/verein/15838,€225k,225000,Malaysia,First Tier
Curaçao,Curaçao,9,Jürgen Locadia,166240,https://www.transfermarkt.com/jurgen-locadia/profil/spieler/166240,Centre-Forward,32,Miami FC,42814,https://www.transfermarkt.com/miami-fc/startseite/verein/42814,€200k,200000,United States,Second Tier
Czech Republic,Czechia,23,Lukas Hornicek,629773,https://www.transfermarkt.com/lukas-hornicek/profil/spieler/629773,Goalkeeper,23,SC Braga,1075,https://www.transfermarkt.com/sc-braga/startseite/verein/1075,€18.00m,18000000,Portugal,First Tier
Czech Republic,Czechia,1,Matej Kovar,550829,https://www.transfermarkt.com/matej-kovar/profil/spieler/550829,Goalkeeper,26,PSV Eindhoven,383,https://www.transfermarkt.com/psv-eindhoven/startseite/verein/383,€8.00m,8000000,Netherlands,First Tier
Czech Republic,Czechia,16,Jindrich Stanek,242089,https://www.transfermarkt.com/jindrich-stanek/profil/spieler/242089,Goalkeeper,30,SK Slavia Prague,62,https://www.transfermarkt.com/sk-slavia-prag/startseite/verein/62,€2.00m,2000000,Czech Republic,First Tier
Czech Republic,Czechia,7,Ladislav Krejčí,345911,https://www.transfermarkt.com/ladislav-krejci/profil/spieler/345911,Centre-Back,27,Wolverhampton Wanderers,543,https://www.transfermarkt.com/wolverhampton-wanderers/startseite/verein/543,€22.00m,22000000,England,First Tier
Czech Republic,Czechia,4,Robin Hranac,620217,https://www.transfermarkt.com/robin-hranac/profil/spieler/620217,Centre-Back,26,TSG 1899 Hoffenheim,533,https://www.transfermarkt.com/tsg-1899-hoffenheim/startseite/verein/533,€10.00m,10000000,Germany,First Tier
Czech Republic,Czechia,6,Stepan Chaloupek,944827,https://www.transfermarkt.com/stepan-chaloupek/profil/spieler/944827,Centre-Back,23,SK Slavia Prague,62,https://www.transfermarkt.com/sk-slavia-prag/startseite/verein/62,€10.00m,10000000,Czech Republic,First Tier
Czech Republic,Czechia,2,David Zima,544149,https://www.transfermarkt.com/david-zima/profil/spieler/544149,Centre-Back,25,SK Slavia Prague,62,https://www.transfermarkt.com/sk-slavia-prag/startseite/verein/62,€7.00m,7000000,Czech Republic,First Tier
Czech Republic,Czechia,3,Tomas Holes,216278,https://www.transfermarkt.com/tomas-holes/profil/spieler/216278,Centre-Back,33,SK Slavia Prague,62,https://www.transfermarkt.com/sk-slavia-prag/startseite/verein/62,€1.00m,1000000,Czech Republic,First Tier
Czech Republic,Czechia,20,Jaroslav Zelený,142219,https://www.transfermarkt.com/jaroslav-zeleny/profil/spieler/142219,Centre-Back,33,AC Sparta Prague,197,https://www.transfermarkt.com/ac-sparta-prag/startseite/verein/197,€600k,600000,Czech Republic,First Tier
Czech Republic,Czechia,14,David Jurásek,500054,https://www.transfermarkt.com/david-jurasek/profil/spieler/500054,Left-Back,25,SK Slavia Prague,62,https://www.transfermarkt.com/sk-slavia-prag/startseite/verein/62,€5.00m,5000000,Czech Republic,First Tier
Czech Republic,Czechia,5,Vladimír Coufal,157672,https://www.transfermarkt.com/vladimir-coufal/profil/spieler/157672,Right-Back,33,TSG 1899 Hoffenheim,533,https://www.transfermarkt.com/tsg-1899-hoffenheim/startseite/verein/533,€2.50m,2500000,Germany,First Tier
Czech Republic,Czechia,22,Tomáš Souček,283628,https://www.transfermarkt.com/tomas-soucek/profil/spieler/283628,Defensive Midfield,31,West Ham United,379,https://www.transfermarkt.com/west-ham-united/startseite/verein/379,€10.00m,10000000,England,First Tier
Czech Republic,Czechia,18,Michal Sadílek,321204,https://www.transfermarkt.com/michal-sadilek/profil/spieler/321204,Central Midfield,27,SK Slavia Prague,62,https://www.transfermarkt.com/sk-slavia-prag/startseite/verein/62,€8.00m,8000000,Czech Republic,First Tier
Czech Republic,Czechia,12,Lukas Cerv,611049,https://www.transfermarkt.com/lukas-cerv/profil/spieler/611049,Central Midfield,25,FC Viktoria Plzen,941,https://www.transfermarkt.com/fc-viktoria-pilsen/startseite/verein/941,€6.00m,6000000,Czech Republic,First Tier
Czech Republic,Czechia,25,Hugo Sochurek,1206877,https://www.transfermarkt.com/hugo-sochurek/profil/spieler/1206877,Central Midfield,17,AC Sparta Prague,197,https://www.transfermarkt.com/ac-sparta-prag/startseite/verein/197,€3.50m,3500000,Czech Republic,First Tier
Czech Republic,Czechia,24,Alexandr Sojka,826103,https://www.transfermarkt.com/alexandr-sojka/profil/spieler/826103,Central Midfield,23,FC Viktoria Plzen,941,https://www.transfermarkt.com/fc-viktoria-pilsen/startseite/verein/941,€2.30m,2300000,Czech Republic,First Tier
Czech Republic,Czechia,8,Vladimír Darida,179643,https://www.transfermarkt.com/vladimir-darida/profil/spieler/179643,Central Midfield,35,FC Hradec Kralove,1897,https://www.transfermarkt.com/fc-hradec-kralove/startseite/verein/1897,€375k,375000,Czech Republic,First Tier
Czech Republic,Czechia,21,David Doudera,493758,https://www.transfermarkt.com/david-doudera/profil/spieler/493758,Right Midfield,28,SK Slavia Prague,62,https://www.transfermarkt.com/sk-slavia-prag/startseite/verein/62,€3.50m,3500000,Czech Republic,First Tier
Czech Republic,Czechia,15,Pavel Sulc,500053,https://www.transfermarkt.com/pavel-sulc/profil/spieler/500053,Attacking Midfield,25,Olympique Lyon,1041,https://www.transfermarkt.com/olympique-lyon/startseite/verein/1041,€20.00m,20000000,France,First Tier
Czech Republic,Czechia,26,Denis Visinsky,652060,https://www.transfermarkt.com/denis-visinsky/profil/spieler/652060,Attacking Midfield,23,FC Viktoria Plzen,941,https://www.transfermarkt.com/fc-viktoria-pilsen/startseite/verein/941,€3.00m,3000000,Czech Republic,First Tier
Czech Republic,Czechia,17,Lukas Provod,292779,https://www.transfermarkt.com/lukas-provod/profil/spieler/292779,Left Winger,29,SK Slavia Prague,62,https://www.transfermarkt.com/sk-slavia-prag/startseite/verein/62,€8.00m,8000000,Czech Republic,First Tier
Czech Republic,Czechia,10,Patrik Schick,242086,https://www.transfermarkt.com/patrik-schick/profil/spieler/242086,Centre-Forward,30,Bayer 04 Leverkusen,15,https://www.transfermarkt.com/bayer-04-leverkusen/startseite/verein/15,€18.00m,18000000,Germany,First Tier
Czech Republic,Czechia,9,Adam Hlozek,552057,https://www.transfermarkt.com/adam-hlozek/profil/spieler/552057,Centre-Forward,23,TSG 1899 Hoffenheim,533,https://www.transfermarkt.com/tsg-1899-hoffenheim/startseite/verein/533,€10.00m,10000000,Germany,First Tier
Czech Republic,Czechia,13,Mojmír Chytil,405855,https://www.transfermarkt.com/mojmir-chytil/profil/spieler/405855,Centre-Forward,27,SK Slavia Prague,62,https://www.transfermarkt.com/sk-slavia-prag/startseite/verein/62,€4.00m,4000000,Czech Republic,First Tier
Czech Republic,Czechia,11,Jan Kuchta,334802,https://www.transfermarkt.com/jan-kuchta/profil/spieler/334802,Centre-Forward,29,AC Sparta Prague,197,https://www.transfermarkt.com/ac-sparta-prag/startseite/verein/197,€2.70m,2700000,Czech Republic,First Tier
Czech Republic,Czechia,19,Tomas Chory,198614,https://www.transfermarkt.com/tomas-chory/profil/spieler/198614,Centre-Forward,31,SK Slavia Prague,62,https://www.transfermarkt.com/sk-slavia-prag/startseite/verein/62,€2.70m,2700000,Czech Republic,First Tier
DR Congo,Democratic Republic of the Congo,21,Matthieu Epolo,680218,https://www.transfermarkt.com/matthieu-epolo/profil/spieler/680218,Goalkeeper,21,Standard Liège,3057,https://www.transfermarkt.com/standard-luttich/startseite/verein/3057,€8.00m,8000000,Belgium,First Tier
DR Congo,Democratic Republic of the Congo,16,Timothy Fayulu,541420,https://www.transfermarkt.com/timothy-fayulu/profil/spieler/541420,Goalkeeper,26,FC Noah Yerevan,60368,https://www.transfermarkt.com/fc-noah-erewan/startseite/verein/60368,€800k,800000,Armenia,First Tier
DR Congo,Democratic Republic of the Congo,1,Lionel Mpasi-Nzau,164915,https://www.transfermarkt.com/lionel-mpasi-nzau/profil/spieler/164915,Goalkeeper,31,Le Havre AC,738,https://www.transfermarkt.com/ac-le-havre/startseite/verein/738,€400k,400000,France,First Tier
DR Congo,Democratic Republic of the Congo,4,Axel Tuanzebe,342046,https://www.transfermarkt.com/axel-tuanzebe/profil/spieler/342046,Centre-Back,28,Burnley FC,1132,https://www.transfermarkt.com/fc-burnley/startseite/verein/1132,€5.00m,5000000,England,First Tier
DR Congo,Democratic Republic of the Congo,3,Steve Kapuadi,679709,https://www.transfermarkt.com/steve-kapuadi/profil/spieler/679709,Centre-Back,28,Widzew Lodz,88,https://www.transfermarkt.com/widzew-lodz/startseite/verein/88,€2.50m,2500000,Poland,First Tier
DR Congo,Democratic Republic of the Congo,22,Chancel Mbemba,203348,https://www.transfermarkt.com/chancel-mbemba/profil/spieler/203348,Centre-Back,31,LOSC Lille,1082,https://www.transfermarkt.com/losc-lille/startseite/verein/1082,€2.00m,2000000,France,First Tier
DR Congo,Democratic Republic of the Congo,5,Dylan Batubinsika,289432,https://www.transfermarkt.com/dylan-batubinsika/profil/spieler/289432,Centre-Back,30,AE Larisa,4603,https://www.transfermarkt.com/ae-larisa/startseite/verein/4603,€600k,600000,Greece,First Tier
DR Congo,Democratic Republic of the Congo,12,Joris Kayembe,129586,https://www.transfermarkt.com/joris-kayembe/profil/spieler/129586,Left-Back,31,KRC Genk,1184,https://www.transfermarkt.com/krc-genk/startseite/verein/1184,€2.00m,2000000,Belgium,First Tier
DR Congo,Democratic Republic of the Congo,26,Arthur Masuaku,181380,https://www.transfermarkt.com/arthur-masuaku/profil/spieler/181380,Left-Back,32,RC Lens,826,https://www.transfermarkt.com/rc-lens/startseite/verein/826,€2.00m,2000000,France,First Tier
DR Congo,Democratic Republic of the Congo,2,Aaron Wan-Bissaka,477758,https://www.transfermarkt.com/aaron-wan-bissaka/profil/spieler/477758,Right-Back,28,West Ham United,379,https://www.transfermarkt.com/west-ham-united/startseite/verein/379,€15.00m,15000000,England,First Tier
DR Congo,Democratic Republic of the Congo,24,Gédéon Kalulu,395685,https://www.transfermarkt.com/gedeon-kalulu/profil/spieler/395685,Right-Back,28,Aris Limassol,10586,https://www.transfermarkt.com/aris-limassol/startseite/verein/10586,€1.00m,1000000,Cyprus,First Tier
DR Congo,Democratic Republic of the Congo,6,Ngal'ayel Mukau,1016015,https://www.transfermarkt.com/ngalayel-mukau/profil/spieler/1016015,Defensive Midfield,21,LOSC Lille,1082,https://www.transfermarkt.com/losc-lille/startseite/verein/1082,€15.00m,15000000,France,First Tier
DR Congo,Democratic Republic of the Congo,18,Charles Pickel,243879,https://www.transfermarkt.com/charles-pickel/profil/spieler/243879,Defensive Midfield,29,RCD Espanyol Barcelona,714,https://www.transfermarkt.com/espanyol-barcelona/startseite/verein/714,€2.50m,2500000,Spain,First Tier
DR Congo,Democratic Republic of the Congo,14,Noah Sadiki,727089,https://www.transfermarkt.com/noah-sadiki/profil/spieler/727089,Central Midfield,21,Sunderland AFC,289,https://www.transfermarkt.com/afc-sunderland/startseite/verein/289,€35.00m,35000000,England,First Tier
DR Congo,Democratic Republic of the Congo,25,Edo Kayembe,486477,https://www.transfermarkt.com/edo-kayembe/profil/spieler/486477,Central Midfield,28,Watford FC,1010,https://www.transfermarkt.com/fc-watford/startseite/verein/1010,€4.00m,4000000,England,Second Tier
DR Congo,Democratic Republic of the Congo,8,Samuel Moutoussamy,353403,https://www.transfermarkt.com/samuel-moutoussamy/profil/spieler/353403,Central Midfield,29,Atromitos Athens,3060,https://www.transfermarkt.com/atromitos-athen/startseite/verein/3060,€1.20m,1200000,Greece,First Tier
DR Congo,Democratic Republic of the Congo,15,Aaron Tshibola,243633,https://www.transfermarkt.com/aaron-tshibola/profil/spieler/243633,Central Midfield,31,Kilmarnock FC,2553,https://www.transfermarkt.com/kilmarnock-fc/startseite/verein/2553,€150k,150000,Scotland,First Tier
DR Congo,Democratic Republic of the Congo,13,Meschack Elia,423678,https://www.transfermarkt.com/meschack-elia/profil/spieler/423678,Attacking Midfield,28,Alanyaspor,11282,https://www.transfermarkt.com/alanyaspor/startseite/verein/11282,€1.50m,1500000,Türkiye,First Tier
DR Congo,Democratic Republic of the Congo,11,Gaël Kakuta,74297,https://www.transfermarkt.com/gael-kakuta/profil/spieler/74297,Attacking Midfield,34,AE Larisa,4603,https://www.transfermarkt.com/ae-larisa/startseite/verein/4603,€250k,250000,Greece,First Tier
DR Congo,Democratic Republic of the Congo,7,Nathanaël Mbuku,557614,https://www.transfermarkt.com/nathanael-mbuku/profil/spieler/557614,Left Winger,24,Montpellier HSC,969,https://www.transfermarkt.com/montpellier-hsc/startseite/verein/969,€2.00m,2000000,France,Second Tier
DR Congo,Democratic Republic of the Congo,9,Brian Cipenga,700565,https://www.transfermarkt.com/brian-cipenga/profil/spieler/700565,Left Winger,28,CD Castellón,2502,https://www.transfermarkt.com/cd-castellon/startseite/verein/2502,€2.00m,2000000,Spain,Second Tier
DR Congo,Democratic Republic of the Congo,10,Théo Bongonda,280701,https://www.transfermarkt.com/theo-bongonda/profil/spieler/280701,Right Winger,30,Spartak Moscow,232,https://www.transfermarkt.com/spartak-moskau/startseite/verein/232,€3.00m,3000000,Russia,First Tier
DR Congo,Democratic Republic of the Congo,20,Yoane Wissa,388165,https://www.transfermarkt.com/yoane-wissa/profil/spieler/388165,Centre-Forward,29,Newcastle United,762,https://www.transfermarkt.com/newcastle-united/startseite/verein/762,€25.00m,25000000,England,First Tier
DR Congo,Democratic Republic of the Congo,23,Simon Banza,344869,https://www.transfermarkt.com/simon-banza/profil/spieler/344869,Centre-Forward,29,Al-Jazira Club,2524,https://www.transfermarkt.com/al-jazira-abu-dhabi-/startseite/verein/2524,€10.00m,10000000,United Arab Emirates,First Tier
DR Congo,Democratic Republic of the Congo,19,Fiston Mayele,727157,https://www.transfermarkt.com/fiston-mayele/profil/spieler/727157,Centre-Forward,31,Pyramids FC,44664,https://www.transfermarkt.com/pyramids-fc/startseite/verein/44664,€1.80m,1800000,Egypt,First Tier
DR Congo,Democratic Republic of the Congo,17,Cédric Bakambu,127048,https://www.transfermarkt.com/cedric-bakambu/profil/spieler/127048,Centre-Forward,35,Real Betis Balompié,150,https://www.transfermarkt.com/real-betis-sevilla/startseite/verein/150,€1.20m,1200000,Spain,First Tier
Ecuador,Ecuador,22,Gonzalo Valle,351941,https://www.transfermarkt.com/gonzalo-valle/profil/spieler/351941,Goalkeeper,30,LDU Quito,9855,https://www.transfermarkt.com/ldu-quito/startseite/verein/9855,€1.80m,1800000,Ecuador,First Tier
Ecuador,Ecuador,12,Moisés Ramírez,450233,https://www.transfermarkt.com/moises-ramirez/profil/spieler/450233,Goalkeeper,25,AE Kifisia,30120,https://www.transfermarkt.com/ae-kifisias/startseite/verein/30120,€800k,800000,Greece,First Tier
Ecuador,Ecuador,1,Hernán Galíndez,77127,https://www.transfermarkt.com/hernan-galindez/profil/spieler/77127,Goalkeeper,39,CA Huracán,2063,https://www.transfermarkt.com/club-atletico-huracan/startseite/verein/2063,€300k,300000,Argentina,First Tier
Ecuador,Ecuador,6,Willian Pacho,661171,https://www.transfermarkt.com/willian-pacho/profil/spieler/661171,Centre-Back,24,Paris Saint-Germain,583,https://www.transfermarkt.com/fc-paris-saint-germain/startseite/verein/583,€80.00m,80000000,France,First Tier
Ecuador,Ecuador,3,Piero Hincapié,659813,https://www.transfermarkt.com/piero-hincapie/profil/spieler/659813,Centre-Back,24,Arsenal FC,11,https://www.transfermarkt.com/fc-arsenal/startseite/verein/11,€50.00m,50000000,England,First Tier
Ecuador,Ecuador,4,Joel Ordóñez,893661,https://www.transfermarkt.com/joel-ordonez/profil/spieler/893661,Centre-Back,22,Club Brugge KV,2282,https://www.transfermarkt.com/fc-brugge/startseite/verein/2282,€33.00m,33000000,Belgium,First Tier
Ecuador,Ecuador,25,Jackson Porozo,491616,https://www.transfermarkt.com/jackson-porozo/profil/spieler/491616,Centre-Back,25,Club Tijuana,13353,https://www.transfermarkt.com/club-tijuana/startseite/verein/13353,€2.50m,2500000,Mexico,First Tier
Ecuador,Ecuador,2,Félix Torres,468174,https://www.transfermarkt.com/felix-torres/profil/spieler/468174,Centre-Back,29,Sport Club Internacional,6600,https://www.transfermarkt.com/sc-internacional-porto-alegre/startseite/verein/6600,€1.00m,1000000,Brazil,First Tier
Ecuador,Ecuador,7,Pervis Estupiñán,349599,https://www.transfermarkt.com/pervis-estupinan/profil/spieler/349599,Left-Back,28,AC Milan,5,https://www.transfermarkt.com/ac-mailand/startseite/verein/5,€12.00m,12000000,Italy,First Tier
Ecuador,Ecuador,26,Yaimar Medina,893659,https://www.transfermarkt.com/yaimar-medina/profil/spieler/893659,Left-Back,21,KRC Genk,1184,https://www.transfermarkt.com/krc-genk/startseite/verein/1184,€4.00m,4000000,Belgium,First Tier
Ecuador,Ecuador,17,Angelo Preciado,450241,https://www.transfermarkt.com/angelo-preciado/profil/spieler/450241,Right-Back,28,Clube Atlético Mineiro,330,https://www.transfermarkt.com/clube-atletico-mineiro/startseite/verein/330,€3.50m,3500000,Brazil,First Tier
Ecuador,Ecuador,23,Moisés Caicedo,687626,https://www.transfermarkt.com/moises-caicedo/profil/spieler/687626,Defensive Midfield,24,Chelsea FC,631,https://www.transfermarkt.com/fc-chelsea/startseite/verein/631,€100.00m,100000000,England,First Tier
Ecuador,Ecuador,5,Jordy Alcívar,598145,https://www.transfermarkt.com/jordy-alcivar/profil/spieler/598145,Defensive Midfield,26,Independiente del Valle,19309,https://www.transfermarkt.com/independiente-del-valle/startseite/verein/19309,€2.00m,2000000,Ecuador,First Tier
Ecuador,Ecuador,18,Denil Castillo,941418,https://www.transfermarkt.com/denil-castillo/profil/spieler/941418,Central Midfield,22,FC Midtjylland,865,https://www.transfermarkt.com/fc-midtjylland/startseite/verein/865,€7.00m,7000000,Denmark,First Tier
Ecuador,Ecuador,21,Alan Franco,400960,https://www.transfermarkt.com/alan-franco/profil/spieler/400960,Central Midfield,27,Clube Atlético Mineiro,330,https://www.transfermarkt.com/clube-atletico-mineiro/startseite/verein/330,€4.50m,4500000,Brazil,First Tier
Ecuador,Ecuador,10,Kendry Páez,1052439,https://www.transfermarkt.com/kendry-paez/profil/spieler/1052439,Attacking Midfield,19,CA River Plate,209,https://www.transfermarkt.com/club-atletico-river-plate/startseite/verein/209,€8.00m,8000000,Argentina,First Tier
Ecuador,Ecuador,15,Pedro Vite,659806,https://www.transfermarkt.com/pedro-vite/profil/spieler/659806,Attacking Midfield,24,UNAM Pumas,7633,https://www.transfermarkt.com/unam-pumas/startseite/verein/7633,€6.00m,6000000,Mexico,First Tier
Ecuador,Ecuador,20,Nilson Angulo,903611,https://www.transfermarkt.com/nilson-angulo/profil/spieler/903611,Left Winger,22,Sunderland AFC,289,https://www.transfermarkt.com/afc-sunderland/startseite/verein/289,€17.00m,17000000,England,First Tier
Ecuador,Ecuador,19,Gonzalo Plata,592735,https://www.transfermarkt.com/gonzalo-plata/profil/spieler/592735,Right Winger,25,CR Flamengo,614,https://www.transfermarkt.com/flamengo-rio-de-janeiro/startseite/verein/614,€9.00m,9000000,Brazil,First Tier
Ecuador,Ecuador,14,Alan Minda,897051,https://www.transfermarkt.com/alan-minda/profil/spieler/897051,Right Winger,23,Clube Atlético Mineiro,330,https://www.transfermarkt.com/clube-atletico-mineiro/startseite/verein/330,€3.00m,3000000,Brazil,First Tier
Ecuador,Ecuador,8,Anthony Valencia,974374,https://www.transfermarkt.com/anthony-valencia/profil/spieler/974374,Right Winger,22,Royal Antwerp FC,1096,https://www.transfermarkt.com/royal-antwerpen-fc/startseite/verein/1096,€1.80m,1800000,Belgium,First Tier
Ecuador,Ecuador,9,John Yeboah,439914,https://www.transfermarkt.com/john-yeboah/profil/spieler/439914,Second Striker,25,Venezia FC,607,https://www.transfermarkt.com/venezia-fc/startseite/verein/607,€5.50m,5500000,Italy,Second Tier
Ecuador,Ecuador,24,Jeremy Arévalo,971663,https://www.transfermarkt.com/jeremy-arevalo/profil/spieler/971663,Centre-Forward,21,VfB Stuttgart,79,https://www.transfermarkt.com/vfb-stuttgart/startseite/verein/79,€7.00m,7000000,Germany,First Tier
Ecuador,Ecuador,11,Kevin Rodríguez,684159,https://www.transfermarkt.com/kevin-rodriguez/profil/spieler/684159,Centre-Forward,26,Union Saint-Gilloise,3948,https://www.transfermarkt.com/royale-union-saint-gilloise/startseite/verein/3948,€6.00m,6000000,Belgium,First Tier
Ecuador,Ecuador,16,Jordy Caicedo,360412,https://www.transfermarkt.com/jordy-caicedo/profil/spieler/360412,Centre-Forward,28,CA Huracán,2063,https://www.transfermarkt.com/club-atletico-huracan/startseite/verein/2063,€2.00m,2000000,Argentina,First Tier
Ecuador,Ecuador,13,Enner Valencia,139503,https://www.transfermarkt.com/enner-valencia/profil/spieler/139503,Centre-Forward,36,CF Pachuca,4035,https://www.transfermarkt.com/cf-pachuca/startseite/verein/4035,€1.00m,1000000,Mexico,First Tier
Egypt,Egypt,23,Oufa Shobeir,661455,https://www.transfermarkt.com/oufa-shobeir/profil/spieler/661455,Goalkeeper,26,Al Ahly FC,7,https://www.transfermarkt.com/el-ahly-kairo/startseite/verein/7,€1.20m,1200000,Egypt,First Tier
Egypt,Egypt,26,Mohamed Alaa,1307898,https://www.transfermarkt.com/mohamed-alaa/profil/spieler/1307898,Goalkeeper,27,El Gouna FC,20572,https://www.transfermarkt.com/el-gouna-fc/startseite/verein/20572,€1.20m,1200000,Egypt,First Tier
Egypt,Egypt,1,Mohamed El Shenawy,134573,https://www.transfermarkt.com/mohamed-el-shenawy/profil/spieler/134573,Goalkeeper,37,Al Ahly FC,7,https://www.transfermarkt.com/el-ahly-kairo/startseite/verein/7,€500k,500000,Egypt,First Tier
Egypt,Egypt,16,El Mahdi Soliman,104951,https://www.transfermarkt.com/el-mahdi-soliman/profil/spieler/104951,Goalkeeper,38,Zamalek SC,664,https://www.transfermarkt.com/zamalek-sc/startseite/verein/664,€150k,150000,Egypt,First Tier
Egypt,Egypt,6,Mohamed Abdelmonem,566025,https://www.transfermarkt.com/mohamed-abdelmonem/profil/spieler/566025,Centre-Back,27,OGC Nice,417,https://www.transfermarkt.com/ogc-nizza/startseite/verein/417,€2.50m,2500000,France,First Tier
Egypt,Egypt,4,Hossam Abdelmaguid,737524,https://www.transfermarkt.com/hossam-abdelmaguid/profil/spieler/737524,Centre-Back,25,Zamalek SC,664,https://www.transfermarkt.com/zamalek-sc/startseite/verein/664,€2.00m,2000000,Egypt,First Tier
Egypt,Egypt,5,Ramy Rabia,172623,https://www.transfermarkt.com/ramy-rabia/profil/spieler/172623,Centre-Back,33,Al-Ain FC,2150,https://www.transfermarkt.com/al-ain-fc/startseite/verein/2150,€600k,600000,United Arab Emirates,First Tier
Egypt,Egypt,2,Yasser Ibrahim,237425,https://www.transfermarkt.com/yasser-ibrahim/profil/spieler/237425,Centre-Back,33,Al Ahly FC,7,https://www.transfermarkt.com/el-ahly-kairo/startseite/verein/7,€275k,275000,Egypt,First Tier
Egypt,Egypt,13,Ahmed Fatouh,465966,https://www.transfermarkt.com/ahmed-fatouh/profil/spieler/465966,Left-Back,28,Zamalek SC,664,https://www.transfermarkt.com/zamalek-sc/startseite/verein/664,€1.00m,1000000,Egypt,First Tier
Egypt,Egypt,15,Karim Hafez,333004,https://www.transfermarkt.com/karim-hafez/profil/spieler/333004,Left-Back,30,Pyramids FC,44664,https://www.transfermarkt.com/pyramids-fc/startseite/verein/44664,€700k,700000,Egypt,First Tier
Egypt,Egypt,3,Mohamed Hany,343974,https://www.transfermarkt.com/mohamed-hany/profil/spieler/343974,Right-Back,30,Al Ahly FC,7,https://www.transfermarkt.com/el-ahly-kairo/startseite/verein/7,€1.50m,1500000,Egypt,First Tier
Egypt,Egypt,24,Tarek Alaa,1087789,https://www.transfermarkt.com/tarek-alaa/profil/spieler/1087789,Right-Back,24,Zed FC,47010,https://www.transfermarkt.com/zed-fc/startseite/verein/47010,€250k,250000,Egypt,First Tier
Egypt,Egypt,19,Marwan Ateya,734542,https://www.transfermarkt.com/marwan-ateya/profil/spieler/734542,Defensive Midfield,27,Al Ahly FC,7,https://www.transfermarkt.com/el-ahly-kairo/startseite/verein/7,€4.00m,4000000,Egypt,First Tier
Egypt,Egypt,17,Mohanad Lasheen,479682,https://www.transfermarkt.com/mohanad-lasheen/profil/spieler/479682,Defensive Midfield,30,Pyramids FC,44664,https://www.transfermarkt.com/pyramids-fc/startseite/verein/44664,€3.00m,3000000,Egypt,First Tier
Egypt,Egypt,14,Hamdy Fathy,340303,https://www.transfermarkt.com/hamdy-fathy/profil/spieler/340303,Defensive Midfield,31,Al-Wakrah SC,13509,https://www.transfermarkt.com/al-wakrah-sc/startseite/verein/13509,€1.80m,1800000,Qatar,First Tier
Egypt,Egypt,18,Nabil Dunga,479683,https://www.transfermarkt.com/nabil-dunga/profil/spieler/479683,Defensive Midfield,30,Al-Najma SC,32328,https://www.transfermarkt.com/al-najma/startseite/verein/32328,€1.00m,1000000,Saudi Arabia,First Tier
Egypt,Egypt,8,Emam Ashour,604008,https://www.transfermarkt.com/emam-ashour/profil/spieler/604008,Central Midfield,28,Al Ahly FC,7,https://www.transfermarkt.com/el-ahly-kairo/startseite/verein/7,€4.00m,4000000,Egypt,First Tier
Egypt,Egypt,21,Mahmoud Saber,729390,https://www.transfermarkt.com/mahmoud-saber/profil/spieler/729390,Central Midfield,24,Zed FC,47010,https://www.transfermarkt.com/zed-fc/startseite/verein/47010,€1.50m,1500000,Egypt,First Tier
Egypt,Egypt,7,Trezeguet,234189,https://www.transfermarkt.com/trezeguet/profil/spieler/234189,Left Winger,31,Al Ahly FC,7,https://www.transfermarkt.com/el-ahly-kairo/startseite/verein/7,€4.50m,4500000,Egypt,First Tier
Egypt,Egypt,20,Ibrahim Adel,677278,https://www.transfermarkt.com/ibrahim-adel/profil/spieler/677278,Left Winger,25,FC Nordsjaelland,2778,https://www.transfermarkt.com/fc-nordsjaelland/startseite/verein/2778,€2.50m,2500000,Denmark,First Tier
Egypt,Egypt,11,Mostafa Ziko,896616,https://www.transfermarkt.com/mostafa-ziko/profil/spieler/896616,Left Winger,29,Pyramids FC,44664,https://www.transfermarkt.com/pyramids-fc/startseite/verein/44664,€1.80m,1800000,Egypt,First Tier
Egypt,Egypt,10,Mohamed Salah,148455,https://www.transfermarkt.com/mohamed-salah/profil/spieler/148455,Right Winger,33,Liverpool FC,31,https://www.transfermarkt.com/fc-liverpool/startseite/verein/31,€22.00m,22000000,England,First Tier
Egypt,Egypt,12,Haissem Hassan,620164,https://www.transfermarkt.com/haissem-hassan/profil/spieler/620164,Right Winger,24,Real Oviedo,2497,https://www.transfermarkt.com/real-oviedo/startseite/verein/2497,€3.50m,3500000,Spain,First Tier
Egypt,Egypt,25,Zizo,320722,https://www.transfermarkt.com/zizo/profil/spieler/320722,Right Winger,30,Al Ahly FC,7,https://www.transfermarkt.com/el-ahly-kairo/startseite/verein/7,€3.50m,3500000,Egypt,First Tier
Egypt,Egypt,22,Omar Marmoush,445939,https://www.transfermarkt.com/omar-marmoush/profil/spieler/445939,Centre-Forward,27,Manchester City,281,https://www.transfermarkt.com/manchester-city/startseite/verein/281,€50.00m,50000000,England,First Tier
Egypt,Egypt,9,Hamza Abdelkarim,1259085,https://www.transfermarkt.com/hamza-abdelkarim/profil/spieler/1259085,Centre-Forward,18,FC Barcelona U19,2470,https://www.transfermarkt.com/fc-barcelona-u19/startseite/verein/2470,€1.50m,1500000,,
England,England,13,Dean Henderson,258919,https://www.transfermarkt.com/dean-henderson/profil/spieler/258919,Goalkeeper,29,Crystal Palace,873,https://www.transfermarkt.com/crystal-palace/startseite/verein/873,€28.00m,28000000,England,First Tier
England,England,23,James Trafford,566799,https://www.transfermarkt.com/james-trafford/profil/spieler/566799,Goalkeeper,23,Manchester City,281,https://www.transfermarkt.com/manchester-city/startseite/verein/281,€25.00m,25000000,England,First Tier
England,England,1,Jordan Pickford,130164,https://www.transfermarkt.com/jordan-pickford/profil/spieler/130164,Goalkeeper,32,Everton FC,29,https://www.transfermarkt.com/fc-everton/startseite/verein/29,€13.00m,13000000,England,First Tier
England,England,6,Marc Guéhi,392757,https://www.transfermarkt.com/marc-guehi/profil/spieler/392757,Centre-Back,25,Manchester City,281,https://www.transfermarkt.com/manchester-city/startseite/verein/281,€70.00m,70000000,England,First Tier
England,England,26,Jarell Quansah,632349,https://www.transfermarkt.com/jarell-quansah/profil/spieler/632349,Centre-Back,23,Bayer 04 Leverkusen,15,https://www.transfermarkt.com/bayer-04-leverkusen/startseite/verein/15,€45.00m,45000000,Germany,First Tier
England,England,2,Ezri Konsa,413403,https://www.transfermarkt.com/ezri-konsa/profil/spieler/413403,Centre-Back,28,Aston Villa,405,https://www.transfermarkt.com/aston-villa/startseite/verein/405,€40.00m,40000000,England,First Tier
England,England,5,John Stones,186590,https://www.transfermarkt.com/john-stones/profil/spieler/186590,Centre-Back,32,Manchester City,281,https://www.transfermarkt.com/manchester-city/startseite/verein/281,€12.00m,12000000,England,First Tier
England,England,15,Dan Burn,134270,https://www.transfermarkt.com/dan-burn/profil/spieler/134270,Centre-Back,34,Newcastle United,762,https://www.transfermarkt.com/newcastle-united/startseite/verein/762,€4.00m,4000000,England,First Tier
England,England,3,Nico O'Reilly,743413,https://www.transfermarkt.com/nico-oreilly/profil/spieler/743413,Left-Back,21,Manchester City,281,https://www.transfermarkt.com/manchester-city/startseite/verein/281,€70.00m,70000000,England,First Tier
England,England,25,Djed Spence,483348,https://www.transfermarkt.com/djed-spence/profil/spieler/483348,Left-Back,25,Tottenham Hotspur,148,https://www.transfermarkt.com/tottenham-hotspur/startseite/verein/148,€30.00m,30000000,England,First Tier
England,England,24,Reece James,472423,https://www.transfermarkt.com/reece-james/profil/spieler/472423,Right-Back,26,Chelsea FC,631,https://www.transfermarkt.com/fc-chelsea/startseite/verein/631,€60.00m,60000000,England,First Tier
England,England,12,Tino Livramento,503981,https://www.transfermarkt.com/tino-livramento/profil/spieler/503981,Right-Back,23,Newcastle United,762,https://www.transfermarkt.com/newcastle-united/startseite/verein/762,€45.00m,45000000,England,First Tier
England,England,14,Jordan Henderson,61651,https://www.transfermarkt.com/jordan-henderson/profil/spieler/61651,Defensive Midfield,35,Brentford FC,1148,https://www.transfermarkt.com/fc-brentford/startseite/verein/1148,€1.20m,1200000,England,First Tier
England,England,4,Declan Rice,357662,https://www.transfermarkt.com/declan-rice/profil/spieler/357662,Central Midfield,27,Arsenal FC,11,https://www.transfermarkt.com/fc-arsenal/startseite/verein/11,€120.00m,120000000,England,First Tier
England,England,8,Elliot Anderson,567576,https://www.transfermarkt.com/elliot-anderson/profil/spieler/567576,Central Midfield,23,Nottingham Forest,703,https://www.transfermarkt.com/nottingham-forest/startseite/verein/703,€75.00m,75000000,England,First Tier
England,England,16,Kobbie Mainoo,820374,https://www.transfermarkt.com/kobbie-mainoo/profil/spieler/820374,Central Midfield,21,Manchester United,985,https://www.transfermarkt.com/manchester-united/startseite/verein/985,€70.00m,70000000,England,First Tier
England,England,10,Jude Bellingham,581678,https://www.transfermarkt.com/jude-bellingham/profil/spieler/581678,Attacking Midfield,22,Real Madrid,418,https://www.transfermarkt.com/real-madrid/startseite/verein/418,€130.00m,130000000,Spain,First Tier
England,England,17,Morgan Rogers,503743,https://www.transfermarkt.com/morgan-rogers/profil/spieler/503743,Attacking Midfield,23,Aston Villa,405,https://www.transfermarkt.com/aston-villa/startseite/verein/405,€90.00m,90000000,England,First Tier
England,England,21,Eberechi Eze,479999,https://www.transfermarkt.com/eberechi-eze/profil/spieler/479999,Attacking Midfield,27,Arsenal FC,11,https://www.transfermarkt.com/fc-arsenal/startseite/verein/11,€65.00m,65000000,England,First Tier
England,England,18,Anthony Gordon,503733,https://www.transfermarkt.com/anthony-gordon/profil/spieler/503733,Left Winger,25,Newcastle United,762,https://www.transfermarkt.com/newcastle-united/startseite/verein/762,€65.00m,65000000,England,First Tier
England,England,11,Marcus Rashford,258923,https://www.transfermarkt.com/marcus-rashford/profil/spieler/258923,Left Winger,28,FC Barcelona,131,https://www.transfermarkt.com/fc-barcelona/startseite/verein/131,€40.00m,40000000,Spain,First Tier
England,England,7,Bukayo Saka,433177,https://www.transfermarkt.com/bukayo-saka/profil/spieler/433177,Right Winger,24,Arsenal FC,11,https://www.transfermarkt.com/fc-arsenal/startseite/verein/11,€110.00m,110000000,England,First Tier
England,England,20,Noni Madueke,503987,https://www.transfermarkt.com/noni-madueke/profil/spieler/503987,Right Winger,24,Arsenal FC,11,https://www.transfermarkt.com/fc-arsenal/startseite/verein/11,€50.00m,50000000,England,First Tier
England,England,9,Harry Kane,132098,https://www.transfermarkt.com/harry-kane/profil/spieler/132098,Centre-Forward,32,Bayern Munich,27,https://www.transfermarkt.com/fc-bayern-munchen/startseite/verein/27,€60.00m,60000000,Germany,First Tier
England,England,19,Ollie Watkins,324358,https://www.transfermarkt.com/ollie-watkins/profil/spieler/324358,Centre-Forward,30,Aston Villa,405,https://www.transfermarkt.com/aston-villa/startseite/verein/405,€25.00m,25000000,England,First Tier
England,England,22,Ivan Toney,251664,https://www.transfermarkt.com/ivan-toney/profil/spieler/251664,Centre-Forward,30,Al-Ahli SFC,18487,https://www.transfermarkt.com/al-ahli-dschidda/startseite/verein/18487,€20.00m,20000000,Saudi Arabia,First Tier
France,France,23,Robin Risser,743515,https://www.transfermarkt.com/robin-risser/profil/spieler/743515,Goalkeeper,21,RC Lens,826,https://www.transfermarkt.com/rc-lens/startseite/verein/826,€30.00m,30000000,France,First Tier
France,France,16,Mike Maignan,182906,https://www.transfermarkt.com/mike-maignan/profil/spieler/182906,Goalkeeper,30,AC Milan,5,https://www.transfermarkt.com/ac-mailand/startseite/verein/5,€20.00m,20000000,Italy,First Tier
France,France,1,Brice Samba,191056,https://www.transfermarkt.com/brice-samba/profil/spieler/191056,Goalkeeper,32,Stade Rennais FC,273,https://www.transfermarkt.com/fc-stade-rennes/startseite/verein/273,€7.00m,7000000,France,First Tier
France,France,17,William Saliba,495666,https://www.transfermarkt.com/william-saliba/profil/spieler/495666,Centre-Back,25,Arsenal FC,11,https://www.transfermarkt.com/fc-arsenal/startseite/verein/11,€100.00m,100000000,England,First Tier
France,France,4,Dayot Upamecano,344695,https://www.transfermarkt.com/dayot-upamecano/profil/spieler/344695,Centre-Back,27,Bayern Munich,27,https://www.transfermarkt.com/fc-bayern-munchen/startseite/verein/27,€70.00m,70000000,Germany,First Tier
France,France,26,Maxence Lacroix,434224,https://www.transfermarkt.com/maxence-lacroix/profil/spieler/434224,Centre-Back,26,Crystal Palace,873,https://www.transfermarkt.com/crystal-palace/startseite/verein/873,€50.00m,50000000,England,First Tier
France,France,15,Ibrahima Konaté,357119,https://www.transfermarkt.com/ibrahima-konate/profil/spieler/357119,Centre-Back,27,Liverpool FC,31,https://www.transfermarkt.com/fc-liverpool/startseite/verein/31,€45.00m,45000000,England,First Tier
France,France,19,Theo Hernández,339808,https://www.transfermarkt.com/theo-hernandez/profil/spieler/339808,Left-Back,28,Al-Hilal SFC,1114,https://www.transfermarkt.com/al-hilal-riad/startseite/verein/1114,€20.00m,20000000,Saudi Arabia,First Tier
France,France,21,Lucas Hernández,281963,https://www.transfermarkt.com/lucas-hernandez/profil/spieler/281963,Left-Back,30,Paris Saint-Germain,583,https://www.transfermarkt.com/fc-paris-saint-germain/startseite/verein/583,€18.00m,18000000,France,First Tier
France,France,3,Lucas Digne,126664,https://www.transfermarkt.com/lucas-digne/profil/spieler/126664,Left-Back,32,Aston Villa,405,https://www.transfermarkt.com/aston-villa/startseite/verein/405,€6.00m,6000000,England,First Tier
France,France,5,Jules Koundé,411975,https://www.transfermarkt.com/jules-kounde/profil/spieler/411975,Right-Back,27,FC Barcelona,131,https://www.transfermarkt.com/fc-barcelona/startseite/verein/131,€60.00m,60000000,Spain,First Tier
France,France,2,Malo Gusto,620322,https://www.transfermarkt.com/malo-gusto/profil/spieler/620322,Right-Back,23,Chelsea FC,631,https://www.transfermarkt.com/fc-chelsea/startseite/verein/631,€35.00m,35000000,England,First Tier
France,France,8,Aurélien Tchouaméni,413112,https://www.transfermarkt.com/aurelien-tchouameni/profil/spieler/413112,Defensive Midfield,26,Real Madrid,418,https://www.transfermarkt.com/real-madrid/startseite/verein/418,€70.00m,70000000,Spain,First Tier
France,France,13,N'Golo Kanté,225083,https://www.transfermarkt.com/ngolo-kante/profil/spieler/225083,Defensive Midfield,35,Fenerbahce,36,https://www.transfermarkt.com/fenerbahce-istanbul/startseite/verein/36,€4.00m,4000000,Türkiye,First Tier
France,France,18,Warren Zaïre-Emery,810092,https://www.transfermarkt.com/warren-zaire-emery/profil/spieler/810092,Central Midfield,20,Paris Saint-Germain,583,https://www.transfermarkt.com/fc-paris-saint-germain/startseite/verein/583,€80.00m,80000000,France,First Tier
France,France,6,Manu Koné,624690,https://www.transfermarkt.com/manu-kone/profil/spieler/624690,Central Midfield,25,AS Roma,12,https://www.transfermarkt.com/as-rom/startseite/verein/12,€50.00m,50000000,Italy,First Tier
France,France,14,Adrien Rabiot,182913,https://www.transfermarkt.com/adrien-rabiot/profil/spieler/182913,Central Midfield,31,AC Milan,5,https://www.transfermarkt.com/ac-mailand/startseite/verein/5,€18.00m,18000000,Italy,First Tier
France,France,24,Rayan Cherki,607223,https://www.transfermarkt.com/rayan-cherki/profil/spieler/607223,Attacking Midfield,22,Manchester City,281,https://www.transfermarkt.com/manchester-city/startseite/verein/281,€90.00m,90000000,England,First Tier
France,France,12,Bradley Barcola,708265,https://www.transfermarkt.com/bradley-barcola/profil/spieler/708265,Left Winger,23,Paris Saint-Germain,583,https://www.transfermarkt.com/fc-paris-saint-germain/startseite/verein/583,€70.00m,70000000,France,First Tier
France,France,11,Michael Olise,566723,https://www.transfermarkt.com/michael-olise/profil/spieler/566723,Right Winger,24,Bayern Munich,27,https://www.transfermarkt.com/fc-bayern-munchen/startseite/verein/27,€150.00m,150000000,Germany,First Tier
France,France,20,Désiré Doué,914562,https://www.transfermarkt.com/desire-doue/profil/spieler/914562,Right Winger,21,Paris Saint-Germain,583,https://www.transfermarkt.com/fc-paris-saint-germain/startseite/verein/583,€120.00m,120000000,France,First Tier
France,France,25,Maghnes Akliouche,745200,https://www.transfermarkt.com/maghnes-akliouche/profil/spieler/745200,Right Winger,24,AS Monaco,162,https://www.transfermarkt.com/as-monaco/startseite/verein/162,€50.00m,50000000,France,First Tier
France,France,10,Kylian Mbappé,342229,https://www.transfermarkt.com/kylian-mbappe/profil/spieler/342229,Centre-Forward,27,Real Madrid,418,https://www.transfermarkt.com/real-madrid/startseite/verein/418,€180.00m,180000000,Spain,First Tier
France,France,7,Ousmane Dembélé,288230,https://www.transfermarkt.com/ousmane-dembele/profil/spieler/288230,Centre-Forward,29,Paris Saint-Germain,583,https://www.transfermarkt.com/fc-paris-saint-germain/startseite/verein/583,€100.00m,100000000,France,First Tier
France,France,9,Marcus Thuram,318528,https://www.transfermarkt.com/marcus-thuram/profil/spieler/318528,Centre-Forward,28,Inter Milan,46,https://www.transfermarkt.com/inter-mailand/startseite/verein/46,€50.00m,50000000,Italy,First Tier
France,France,22,Jean-Philippe Mateta,420002,https://www.transfermarkt.com/jean-philippe-mateta/profil/spieler/420002,Centre-Forward,28,Crystal Palace,873,https://www.transfermarkt.com/crystal-palace/startseite/verein/873,€30.00m,30000000,England,First Tier
Germany,Germany,21,Alexander Nübel,195778,https://www.transfermarkt.com/alexander-nubel/profil/spieler/195778,Goalkeeper,29,VfB Stuttgart,79,https://www.transfermarkt.com/vfb-stuttgart/startseite/verein/79,€12.00m,12000000,Germany,First Tier
Germany,Germany,1,Manuel Neuer,17259,https://www.transfermarkt.com/manuel-neuer/profil/spieler/17259,Goalkeeper,40,Bayern Munich,27,https://www.transfermarkt.com/fc-bayern-munchen/startseite/verein/27,€4.00m,4000000,Germany,First Tier
Germany,Germany,12,Oliver Baumann,55089,https://www.transfermarkt.com/oliver-baumann/profil/spieler/55089,Goalkeeper,36,TSG 1899 Hoffenheim,533,https://www.transfermarkt.com/tsg-1899-hoffenheim/startseite/verein/533,€2.50m,2500000,Germany,First Tier
Germany,Germany,15,Nico Schlotterbeck,388198,https://www.transfermarkt.com/nico-schlotterbeck/profil/spieler/388198,Centre-Back,26,Borussia Dortmund,16,https://www.transfermarkt.com/borussia-dortmund/startseite/verein/16,€55.00m,55000000,Germany,First Tier
Germany,Germany,24,Malick Thiaw,521964,https://www.transfermarkt.com/malick-thiaw/profil/spieler/521964,Centre-Back,24,Newcastle United,762,https://www.transfermarkt.com/newcastle-united/startseite/verein/762,€45.00m,45000000,England,First Tier
Germany,Germany,4,Jonathan Tah,196357,https://www.transfermarkt.com/jonathan-tah/profil/spieler/196357,Centre-Back,30,Bayern Munich,27,https://www.transfermarkt.com/fc-bayern-munchen/startseite/verein/27,€28.00m,28000000,Germany,First Tier
Germany,Germany,3,Waldemar Anton,193004,https://www.transfermarkt.com/waldemar-anton/profil/spieler/193004,Centre-Back,29,Borussia Dortmund,16,https://www.transfermarkt.com/borussia-dortmund/startseite/verein/16,€18.00m,18000000,Germany,First Tier
Germany,Germany,2,Antonio Rüdiger,86202,https://www.transfermarkt.com/antonio-rudiger/profil/spieler/86202,Centre-Back,33,Real Madrid,418,https://www.transfermarkt.com/real-madrid/startseite/verein/418,€6.00m,6000000,Spain,First Tier
Germany,Germany,18,Nathaniel Brown,691892,https://www.transfermarkt.com/nathaniel-brown/profil/spieler/691892,Left-Back,22,Eintracht Frankfurt,24,https://www.transfermarkt.com/eintracht-frankfurt/startseite/verein/24,€40.00m,40000000,Germany,First Tier
Germany,Germany,22,David Raum,318204,https://www.transfermarkt.com/david-raum/profil/spieler/318204,Left-Back,28,RB Leipzig,23826,https://www.transfermarkt.com/rasenballsport-leipzig/startseite/verein/23826,€25.00m,25000000,Germany,First Tier
Germany,Germany,5,Aleksandar Pavlovic,792380,https://www.transfermarkt.com/aleksandar-pavlovic/profil/spieler/792380,Defensive Midfield,22,Bayern Munich,27,https://www.transfermarkt.com/fc-bayern-munchen/startseite/verein/27,€90.00m,90000000,Germany,First Tier
Germany,Germany,16,Angelo Stiller,443710,https://www.transfermarkt.com/angelo-stiller/profil/spieler/443710,Defensive Midfield,25,VfB Stuttgart,79,https://www.transfermarkt.com/vfb-stuttgart/startseite/verein/79,€45.00m,45000000,Germany,First Tier
Germany,Germany,6,Joshua Kimmich,161056,https://www.transfermarkt.com/joshua-kimmich/profil/spieler/161056,Defensive Midfield,31,Bayern Munich,27,https://www.transfermarkt.com/fc-bayern-munchen/startseite/verein/27,€35.00m,35000000,Germany,First Tier
Germany,Germany,23,Felix Nmecha,406640,https://www.transfermarkt.com/felix-nmecha/profil/spieler/406640,Central Midfield,25,Borussia Dortmund,16,https://www.transfermarkt.com/borussia-dortmund/startseite/verein/16,€50.00m,50000000,Germany,First Tier
Germany,Germany,20,Nadiem Amiri,232454,https://www.transfermarkt.com/nadiem-amiri/profil/spieler/232454,Central Midfield,29,1.FSV Mainz 05,39,https://www.transfermarkt.com/1-fsv-mainz-05/startseite/verein/39,€17.00m,17000000,Germany,First Tier
Germany,Germany,8,Leon Goretzka,153084,https://www.transfermarkt.com/leon-goretzka/profil/spieler/153084,Central Midfield,31,Bayern Munich,27,https://www.transfermarkt.com/fc-bayern-munchen/startseite/verein/27,€12.00m,12000000,Germany,First Tier
Germany,Germany,13,Pascal Groß,82873,https://www.transfermarkt.com/pascal-gross/profil/spieler/82873,Central Midfield,34,Brighton & Hove Albion,1237,https://www.transfermarkt.com/brighton-amp-hove-albion/startseite/verein/1237,€2.50m,2500000,England,First Tier
Germany,Germany,10,Jamal Musiala,580195,https://www.transfermarkt.com/jamal-musiala/profil/spieler/580195,Attacking Midfield,23,Bayern Munich,27,https://www.transfermarkt.com/fc-bayern-munchen/startseite/verein/27,€100.00m,100000000,Germany,First Tier
Germany,Germany,17,Florian Wirtz,598577,https://www.transfermarkt.com/florian-wirtz/profil/spieler/598577,Attacking Midfield,23,Liverpool FC,31,https://www.transfermarkt.com/fc-liverpool/startseite/verein/31,€100.00m,100000000,England,First Tier
Germany,Germany,25,Lennart Karl,1075147,https://www.transfermarkt.com/lennart-karl/profil/spieler/1075147,Attacking Midfield,18,Bayern Munich,27,https://www.transfermarkt.com/fc-bayern-munchen/startseite/verein/27,€60.00m,60000000,Germany,First Tier
Germany,Germany,9,Jamie Leweling,518505,https://www.transfermarkt.com/jamie-leweling/profil/spieler/518505,Right Winger,25,VfB Stuttgart,79,https://www.transfermarkt.com/vfb-stuttgart/startseite/verein/79,€40.00m,40000000,Germany,First Tier
Germany,Germany,19,Leroy Sané,192565,https://www.transfermarkt.com/leroy-sane/profil/spieler/192565,Right Winger,30,Galatasaray,141,https://www.transfermarkt.com/galatasaray-istanbul/startseite/verein/141,€20.00m,20000000,Türkiye,First Tier
Germany,Germany,7,Kai Havertz,309400,https://www.transfermarkt.com/kai-havertz/profil/spieler/309400,Centre-Forward,26,Arsenal FC,11,https://www.transfermarkt.com/fc-arsenal/startseite/verein/11,€55.00m,55000000,England,First Tier
Germany,Germany,11,Nick Woltemade,455661,https://www.transfermarkt.com/nick-woltemade/profil/spieler/455661,Centre-Forward,24,Newcastle United,762,https://www.transfermarkt.com/newcastle-united/startseite/verein/762,€55.00m,55000000,England,First Tier
Germany,Germany,14,Maximilian Beier,578392,https://www.transfermarkt.com/maximilian-beier/profil/spieler/578392,Centre-Forward,23,Borussia Dortmund,16,https://www.transfermarkt.com/borussia-dortmund/startseite/verein/16,€40.00m,40000000,Germany,First Tier
Germany,Germany,26,Deniz Undav,339314,https://www.transfermarkt.com/deniz-undav/profil/spieler/339314,Centre-Forward,29,VfB Stuttgart,79,https://www.transfermarkt.com/vfb-stuttgart/startseite/verein/79,€22.00m,22000000,Germany,First Tier
Ghana,Ghana,1,Lawrence Ati Zigi,254285,https://www.transfermarkt.com/lawrence-ati-zigi/profil/spieler/254285,Goalkeeper,29,FC St. Gallen 1879,257,https://www.transfermarkt.com/fc-st-gallen-1879/startseite/verein/257,€1.50m,1500000,Switzerland,First Tier
Ghana,Ghana,12,Joseph Anang,576099,https://www.transfermarkt.com/joseph-anang/profil/spieler/576099,Goalkeeper,25,St. Patrick's Athletic,1189,https://www.transfermarkt.com/st-patricks-athletic/startseite/verein/1189,€350k,350000,Ireland,First Tier
Ghana,Ghana,16,Benjamin Asare,837368,https://www.transfermarkt.com/benjamin-asare/profil/spieler/837368,Goalkeeper,33,Hearts of Oak,3601,https://www.transfermarkt.com/hearts-of-oak/startseite/verein/3601,€100k,100000,Ghana,First Tier
Ghana,Ghana,21,Kojo Peprah Oppong,1113451,https://www.transfermarkt.com/kojo-peprah-oppong/profil/spieler/1113451,Centre-Back,22,OGC Nice,417,https://www.transfermarkt.com/ogc-nizza/startseite/verein/417,€10.00m,10000000,France,First Tier
Ghana,Ghana,2,Alidu Seidu,798404,https://www.transfermarkt.com/alidu-seidu/profil/spieler/798404,Centre-Back,26,Stade Rennais FC,273,https://www.transfermarkt.com/fc-stade-rennes/startseite/verein/273,€6.00m,6000000,France,First Tier
Ghana,Ghana,4,Jonas Adjetey,734676,https://www.transfermarkt.com/jonas-adjetey/profil/spieler/734676,Centre-Back,22,VfL Wolfsburg,82,https://www.transfermarkt.com/vfl-wolfsburg/startseite/verein/82,€6.00m,6000000,Germany,First Tier
Ghana,Ghana,18,Jerome Opoku,408563,https://www.transfermarkt.com/jerome-opoku/profil/spieler/408563,Centre-Back,27,Basaksehir FK,6890,https://www.transfermarkt.com/istanbul-basaksehir-fk/startseite/verein/6890,€5.00m,5000000,Türkiye,First Tier
Ghana,Ghana,6,Abdul Mumin,451801,https://www.transfermarkt.com/abdul-mumin/profil/spieler/451801,Centre-Back,27,Rayo Vallecano,367,https://www.transfermarkt.com/rayo-vallecano/startseite/verein/367,€3.00m,3000000,Spain,First Tier
Ghana,Ghana,23,Derrick Luckassen,241457,https://www.transfermarkt.com/derrick-luckassen/profil/spieler/241457,Centre-Back,30,Pafos FC,45457,https://www.transfermarkt.com/pafos-fc/startseite/verein/45457,€1.00m,1000000,Cyprus,First Tier
Ghana,Ghana,14,Gideon Mensah,397171,https://www.transfermarkt.com/gideon-mensah/profil/spieler/397171,Left-Back,27,AJ Auxerre,290,https://www.transfermarkt.com/aj-auxerre/startseite/verein/290,€4.00m,4000000,France,First Tier
Ghana,Ghana,17,Abdul Rahman Baba,224884,https://www.transfermarkt.com/abdul-rahman-baba/profil/spieler/224884,Left-Back,31,PAOK Thessaloniki,1091,https://www.transfermarkt.com/paok-thessaloniki/startseite/verein/1091,€2.00m,2000000,Greece,First Tier
Ghana,Ghana,26,Marvin Senaya,830890,https://www.transfermarkt.com/marvin-senaya/profil/spieler/830890,Right-Back,25,AJ Auxerre,290,https://www.transfermarkt.com/aj-auxerre/startseite/verein/290,€3.00m,3000000,France,First Tier
Ghana,Ghana,15,Elisha Owusu,395695,https://www.transfermarkt.com/elisha-owusu/profil/spieler/395695,Defensive Midfield,28,AJ Auxerre,290,https://www.transfermarkt.com/aj-auxerre/startseite/verein/290,€4.00m,4000000,France,First Tier
Ghana,Ghana,5,Thomas Partey,230784,https://www.transfermarkt.com/thomas-partey/profil/spieler/230784,Defensive Midfield,32,Villarreal CF,1050,https://www.transfermarkt.com/fc-villarreal/startseite/verein/1050,€2.00m,2000000,Spain,First Tier
Ghana,Ghana,3,Caleb Yirenkyi,1240763,https://www.transfermarkt.com/caleb-yirenkyi/profil/spieler/1240763,Central Midfield,20,FC Nordsjaelland,2778,https://www.transfermarkt.com/fc-nordsjaelland/startseite/verein/2778,€10.00m,10000000,Denmark,First Tier
Ghana,Ghana,8,Kwasi Sibo,538006,https://www.transfermarkt.com/kwasi-sibo/profil/spieler/538006,Central Midfield,27,Real Oviedo,2497,https://www.transfermarkt.com/real-oviedo/startseite/verein/2497,€1.40m,1400000,Spain,First Tier
Ghana,Ghana,20,Augustine Boakye,579263,https://www.transfermarkt.com/augustine-boakye/profil/spieler/579263,Attacking Midfield,25,AS Saint-Étienne,618,https://www.transfermarkt.com/as-saint-etienne/startseite/verein/618,€6.00m,6000000,France,Second Tier
Ghana,Ghana,22,Kamaldeen Sulemana,746695,https://www.transfermarkt.com/kamaldeen-sulemana/profil/spieler/746695,Left Winger,24,Atalanta BC,800,https://www.transfermarkt.com/atalanta-bergamo/startseite/verein/800,€17.00m,17000000,Italy,First Tier
Ghana,Ghana,13,Christopher Bonsu Baah,1119447,https://www.transfermarkt.com/christopher-bonsu-baah/profil/spieler/1119447,Left Winger,21,Al-Qadsiah FC,26069,https://www.transfermarkt.com/al-qadisiyah-fc/startseite/verein/26069,€14.00m,14000000,Saudi Arabia,First Tier
Ghana,Ghana,11,Antoine Semenyo,583255,https://www.transfermarkt.com/antoine-semenyo/profil/spieler/583255,Right Winger,26,Manchester City,281,https://www.transfermarkt.com/manchester-city/startseite/verein/281,€80.00m,80000000,England,First Tier
Ghana,Ghana,7,Abdul Fatawu,864121,https://www.transfermarkt.com/abdul-fatawu/profil/spieler/864121,Right Winger,22,Leicester City,1003,https://www.transfermarkt.com/leicester-city/startseite/verein/1003,€20.00m,20000000,England,Second Tier
Ghana,Ghana,24,Ernest Nuamah,955070,https://www.transfermarkt.com/ernest-nuamah/profil/spieler/955070,Right Winger,22,Olympique Lyon,1041,https://www.transfermarkt.com/olympique-lyon/startseite/verein/1041,€10.00m,10000000,France,First Tier
Ghana,Ghana,19,Iñaki Williams,255508,https://www.transfermarkt.com/inaki-williams/profil/spieler/255508,Right Winger,31,Athletic Bilbao,621,https://www.transfermarkt.com/athletic-bilbao/startseite/verein/621,€8.00m,8000000,Spain,First Tier
Ghana,Ghana,10,Brandon Thomas-Asante,451747,https://www.transfermarkt.com/brandon-thomas-asante/profil/spieler/451747,Centre-Forward,27,Coventry City,990,https://www.transfermarkt.com/coventry-city/startseite/verein/990,€16.00m,16000000,England,Second Tier
Ghana,Ghana,25,Prince Adu,734799,https://www.transfermarkt.com/prince-adu/profil/spieler/734799,Centre-Forward,22,FC Viktoria Plzen,941,https://www.transfermarkt.com/fc-viktoria-pilsen/startseite/verein/941,€3.00m,3000000,Czech Republic,First Tier
Ghana,Ghana,9,Jordan Ayew,108354,https://www.transfermarkt.com/jordan-ayew/profil/spieler/108354,Centre-Forward,34,Leicester City,1003,https://www.transfermarkt.com/leicester-city/startseite/verein/1003,€1.00m,1000000,England,Second Tier
Haiti,Haiti,12,Alexandre Pierre,838947,https://www.transfermarkt.com/alexandre-pierre/profil/spieler/838947,Goalkeeper,25,FC Sochaux-Montbéliard,750,https://www.transfermarkt.com/fc-sochaux-montbeliard/startseite/verein/750,€700k,700000,France,Third Tier
Haiti,Haiti,1,Johny Placide,51035,https://www.transfermarkt.com/johny-placide/profil/spieler/51035,Goalkeeper,38,SC Bastia,595,https://www.transfermarkt.com/sc-bastia/startseite/verein/595,€150k,150000,France,Second Tier
Haiti,Haiti,23,Josué Duverger,490369,https://www.transfermarkt.com/josue-duverger/profil/spieler/490369,Goalkeeper,26,FC Cosmos Koblenz,45062,https://www.transfermarkt.com/fc-cosmos-koblenz/startseite/verein/45062,€50k,50000,Germany,Fifth Tier
Haiti,Haiti,5,Hannes Delcroix,338635,https://www.transfermarkt.com/hannes-delcroix/profil/spieler/338635,Centre-Back,27,FC Lugano,2790,https://www.transfermarkt.com/fc-lugano/startseite/verein/2790,€2.00m,2000000,Switzerland,First Tier
Haiti,Haiti,22,Jean-Kévin Duverne,344864,https://www.transfermarkt.com/jean-kevin-duverne/profil/spieler/344864,Centre-Back,28,KAA Gent,157,https://www.transfermarkt.com/kaa-gent/startseite/verein/157,€2.00m,2000000,Belgium,First Tier
Haiti,Haiti,4,Ricardo Adé,278145,https://www.transfermarkt.com/ricardo-ade/profil/spieler/278145,Centre-Back,36,LDU Quito,9855,https://www.transfermarkt.com/ldu-quito/startseite/verein/9855,€300k,300000,Ecuador,First Tier
Haiti,Haiti,3,Keeto Thermoncy,1061046,https://www.transfermarkt.com/keeto-thermoncy/profil/spieler/1061046,Centre-Back,20,BSC Young Boys U21,5508,https://www.transfermarkt.com/bsc-young-boys-u21/startseite/verein/5508,€100k,100000,Switzerland,Third Tier
Haiti,Haiti,8,Martin Expérience,804885,https://www.transfermarkt.com/martin-experience/profil/spieler/804885,Left-Back,27,AS Nancy-Lorraine,1159,https://www.transfermarkt.com/as-nancy-lorraine/startseite/verein/1159,€350k,350000,France,Second Tier
Haiti,Haiti,13,Duke Lacroix,375472,https://www.transfermarkt.com/duke-lacroix/profil/spieler/375472,Left-Back,32,Colorado Springs Switchbacks FC,45805,https://www.transfermarkt.com/colorado-springs-switchbacks-fc/startseite/verein/45805,€125k,125000,United States,Second Tier
Haiti,Haiti,2,Carlens Arcus,371686,https://www.transfermarkt.com/carlens-arcus/profil/spieler/371686,Right-Back,29,Angers SCO,1420,https://www.transfermarkt.com/sco-angers/startseite/verein/1420,€1.80m,1800000,France,First Tier
Haiti,Haiti,24,Wilguens Paugain,609691,https://www.transfermarkt.com/wilguens-paugain/profil/spieler/609691,Right-Back,24,Zulte Waregem,3508,https://www.transfermarkt.com/sv-zulte-waregem/startseite/verein/3508,€800k,800000,Belgium,First Tier
Haiti,Haiti,17,Danley Jean Jacques,628834,https://www.transfermarkt.com/danley-jean-jacques/profil/spieler/628834,Defensive Midfield,26,Philadelphia Union,25467,https://www.transfermarkt.com/philadelphia-union/startseite/verein/25467,€3.00m,3000000,United States,First Tier
Haiti,Haiti,14,Leverton Pierre,552467,https://www.transfermarkt.com/leverton-pierre/profil/spieler/552467,Defensive Midfield,28,FC Vizela,6912,https://www.transfermarkt.com/fc-vizela/startseite/verein/6912,€200k,200000,Portugal,Second Tier
Haiti,Haiti,25,Dominique Simon,988188,https://www.transfermarkt.com/dominique-simon/profil/spieler/988188,Defensive Midfield,25,FC Tatran Presov,4531,https://www.transfermarkt.com/1-fc-tatran-presov/startseite/verein/4531,€200k,200000,Slovakia,First Tier
Haiti,Haiti,6,Carl Sainté,718244,https://www.transfermarkt.com/carl-sainte/profil/spieler/718244,Defensive Midfield,23,El Paso Locomotive FC,67375,https://www.transfermarkt.com/el-paso-locomotive-fc/startseite/verein/67375,€125k,125000,United States,Second Tier
Haiti,Haiti,26,Woodensky Pierre,1017735,https://www.transfermarkt.com/woodensky-pierre/profil/spieler/1017735,Defensive Midfield,21,Violette Athletic Club,14182,https://www.transfermarkt.com/violette-athletic-club/startseite/verein/14182,€100k,100000,,
Haiti,Haiti,10,Jean-Ricner Bellegarde,450050,https://www.transfermarkt.com/jean-ricner-bellegarde/profil/spieler/450050,Central Midfield,27,Wolverhampton Wanderers,543,https://www.transfermarkt.com/wolverhampton-wanderers/startseite/verein/543,€16.00m,16000000,England,First Tier
Haiti,Haiti,7,Derrick Etienne Jr.,354763,https://www.transfermarkt.com/derrick-etienne-jr-/profil/spieler/354763,Left Winger,29,Toronto FC,11141,https://www.transfermarkt.com/toronto-fc/startseite/verein/11141,€800k,800000,United States,First Tier
Haiti,Haiti,15,Ruben Providence,536520,https://www.transfermarkt.com/ruben-providence/profil/spieler/536520,Left Winger,24,Almere City FC,723,https://www.transfermarkt.com/almere-city-fc/startseite/verein/723,€300k,300000,Netherlands,Second Tier
Haiti,Haiti,21,Josué Casimir,763182,https://www.transfermarkt.com/josue-casimir/profil/spieler/763182,Right Winger,24,AJ Auxerre,290,https://www.transfermarkt.com/aj-auxerre/startseite/verein/290,€3.00m,3000000,France,First Tier
Haiti,Haiti,11,Louicius Deedson,646108,https://www.transfermarkt.com/louicius-deedson/profil/spieler/646108,Right Winger,25,FC Dallas,8816,https://www.transfermarkt.com/fc-dallas/startseite/verein/8816,€1.20m,1200000,United States,First Tier
Haiti,Haiti,18,Wilson Isidor,494237,https://www.transfermarkt.com/wilson-isidor/profil/spieler/494237,Centre-Forward,25,Sunderland AFC,289,https://www.transfermarkt.com/afc-sunderland/startseite/verein/289,€18.00m,18000000,England,First Tier
Haiti,Haiti,16,Lenny Joseph,815359,https://www.transfermarkt.com/lenny-joseph/profil/spieler/815359,Centre-Forward,25,Ferencvárosi TC,279,https://www.transfermarkt.com/ferencvaros-budapest/startseite/verein/279,€2.00m,2000000,Hungary,First Tier
Haiti,Haiti,20,Frantzdy Pierrot,492955,https://www.transfermarkt.com/frantzdy-pierrot/profil/spieler/492955,Centre-Forward,31,Caykur Rizespor,126,https://www.transfermarkt.com/caykur-rizespor/startseite/verein/126,€1.50m,1500000,Türkiye,First Tier
Haiti,Haiti,9,Duckens Nazon,345763,https://www.transfermarkt.com/duckens-nazon/profil/spieler/345763,Centre-Forward,32,Esteghlal FC,1076,https://www.transfermarkt.com/esteghlal-fc/startseite/verein/1076,€800k,800000,Iran,First Tier
Haiti,Haiti,19,Yassin Fortuné,342878,https://www.transfermarkt.com/yassin-fortune/profil/spieler/342878,Centre-Forward,27,FC Vizela,6912,https://www.transfermarkt.com/fc-vizela/startseite/verein/6912,€300k,300000,Portugal,Second Tier
Iran,Iran,12,Payam Niazmand,343044,https://www.transfermarkt.com/payam-niazmand/profil/spieler/343044,Goalkeeper,31,Persepolis FC,6079,https://www.transfermarkt.com/persepolis-fc/startseite/verein/6079,€700k,700000,Iran,First Tier
Iran,Iran,1,Alireza Beiranvand,229081,https://www.transfermarkt.com/alireza-beiranvand/profil/spieler/229081,Goalkeeper,33,Tractor FC,12935,https://www.transfermarkt.com/tractor-fc/startseite/verein/12935,€650k,650000,Iran,First Tier
Iran,Iran,22,Seyed Hossein Hosseini,132561,https://www.transfermarkt.com/seyed-hossein-hosseini/profil/spieler/132561,Goalkeeper,33,Sepahan FC,4947,https://www.transfermarkt.com/sepahan-fc/startseite/verein/4947,€500k,500000,Iran,First Tier
Iran,Iran,13,Hossein Kanaani,249400,https://www.transfermarkt.com/hossein-kanaani/profil/spieler/249400,Centre-Back,32,Persepolis FC,6079,https://www.transfermarkt.com/persepolis-fc/startseite/verein/6079,€1.60m,1600000,Iran,First Tier
Iran,Iran,25,Danial Eiri,1080301,https://www.transfermarkt.com/danial-eiri/profil/spieler/1080301,Centre-Back,22,Malavan Bandar Anzali,17499,https://www.transfermarkt.com/malavan-of-bandar-anzali/startseite/verein/17499,€1.00m,1000000,Iran,First Tier
Iran,Iran,19,Ali Nemati,527092,https://www.transfermarkt.com/ali-nemati/profil/spieler/527092,Centre-Back,30,Foolad FC,6076,https://www.transfermarkt.com/foolad-fc/startseite/verein/6076,€550k,550000,Iran,First Tier
Iran,Iran,4,Shoja Khalilzadeh,213715,https://www.transfermarkt.com/shoja-khalilzadeh/profil/spieler/213715,Centre-Back,37,Tractor FC,12935,https://www.transfermarkt.com/tractor-fc/startseite/verein/12935,€100k,100000,Iran,First Tier
Iran,Iran,5,Milad Mohammadi,333355,https://www.transfermarkt.com/milad-mohammadi/profil/spieler/333355,Left-Back,32,Persepolis FC,6079,https://www.transfermarkt.com/persepolis-fc/startseite/verein/6079,€900k,900000,Iran,First Tier
Iran,Iran,3,Ehsan Hajsafi,77547,https://www.transfermarkt.com/ehsan-hajsafi/profil/spieler/77547,Left-Back,36,Sepahan FC,4947,https://www.transfermarkt.com/sepahan-fc/startseite/verein/4947,€250k,250000,Iran,First Tier
Iran,Iran,17,Arya Yousefi,932724,https://www.transfermarkt.com/arya-yousefi/profil/spieler/932724,Right-Back,24,Sepahan FC,4947,https://www.transfermarkt.com/sepahan-fc/startseite/verein/4947,€1.50m,1500000,Iran,First Tier
Iran,Iran,2,Saleh Hardani,697155,https://www.transfermarkt.com/saleh-hardani/profil/spieler/697155,Right-Back,27,Esteghlal FC,1076,https://www.transfermarkt.com/esteghlal-fc/startseite/verein/1076,€800k,800000,Iran,First Tier
Iran,Iran,23,Ramin Rezaeian,188312,https://www.transfermarkt.com/ramin-rezaeian/profil/spieler/188312,Right-Back,36,Foolad FC,6076,https://www.transfermarkt.com/foolad-fc/startseite/verein/6076,€250k,250000,Iran,First Tier
Iran,Iran,6,Saeed Ezatolahi,249271,https://www.transfermarkt.com/saeed-ezatolahi/profil/spieler/249271,Defensive Midfield,29,Shabab Al-Ahli Club,60529,https://www.transfermarkt.com/fc-shabab-al-ahli-dubai/startseite/verein/60529,€1.80m,1800000,United Arab Emirates,First Tier
Iran,Iran,21,Mohammad Ghorbani,856087,https://www.transfermarkt.com/mohammad-ghorbani/profil/spieler/856087,Defensive Midfield,25,Al-Wahda FC,161,https://www.transfermarkt.com/al-wahda-fc-abu-dhabi/startseite/verein/161,€1.20m,1200000,United Arab Emirates,First Tier
Iran,Iran,15,Roozbeh Cheshmi,273879,https://www.transfermarkt.com/roozbeh-cheshmi/profil/spieler/273879,Defensive Midfield,32,Esteghlal FC,1076,https://www.transfermarkt.com/esteghlal-fc/startseite/verein/1076,€450k,450000,Iran,First Tier
Iran,Iran,26,Amirmohammad Razzaghinia,1051591,https://www.transfermarkt.com/amirmohammad-razzaghinia/profil/spieler/1051591,Central Midfield,20,Esteghlal FC,1076,https://www.transfermarkt.com/esteghlal-fc/startseite/verein/1076,€1.20m,1200000,Iran,First Tier
Iran,Iran,14,Saman Ghoddos,204294,https://www.transfermarkt.com/saman-ghoddos/profil/spieler/204294,Attacking Midfield,32,Kalba FC,38040,https://www.transfermarkt.com/al-ittihad-kalba-sports-club/startseite/verein/38040,€1.20m,1200000,United Arab Emirates,First Tier
Iran,Iran,10,Mehdi Ghayedi,478192,https://www.transfermarkt.com/mehdi-ghayedi/profil/spieler/478192,Left Winger,27,Al-Nasr SC (UAE),5432,https://www.transfermarkt.com/al-nasr-dubai-/startseite/verein/5432,€4.50m,4500000,United Arab Emirates,First Tier
Iran,Iran,8,Mohammad Mohebi,603149,https://www.transfermarkt.com/mohammad-mohebi/profil/spieler/603149,Left Winger,27,FC Rostov,1083,https://www.transfermarkt.com/fk-rostov/startseite/verein/1083,€2.50m,2500000,Russia,First Tier
Iran,Iran,16,Mehdi Torabi,283833,https://www.transfermarkt.com/mehdi-torabi/profil/spieler/283833,Left Winger,31,Tractor FC,12935,https://www.transfermarkt.com/tractor-fc/startseite/verein/12935,€1.20m,1200000,Iran,First Tier
Iran,Iran,7,Alireza Jahanbakhsh,213268,https://www.transfermarkt.com/alireza-jahanbakhsh/profil/spieler/213268,Right Winger,32,FCV Dender EH,9010,https://www.transfermarkt.com/fcv-dender-eh/startseite/verein/9010,€500k,500000,Belgium,First Tier
Iran,Iran,18,Amirhossein Hosseinzadeh,542380,https://www.transfermarkt.com/amirhossein-hosseinzadeh/profil/spieler/542380,Centre-Forward,25,Tractor FC,12935,https://www.transfermarkt.com/tractor-fc/startseite/verein/12935,€2.20m,2200000,Iran,First Tier
Iran,Iran,9,Mehdi Taremi,307058,https://www.transfermarkt.com/mehdi-taremi/profil/spieler/307058,Centre-Forward,33,Olympiacos Piraeus,683,https://www.transfermarkt.com/olympiakos-piraus/startseite/verein/683,€2.00m,2000000,Greece,First Tier
Iran,Iran,24,Dennis Eckert Ayensa,249303,https://www.transfermarkt.com/dennis-eckert-ayensa/profil/spieler/249303,Centre-Forward,29,Standard Liège,3057,https://www.transfermarkt.com/standard-luttich/startseite/verein/3057,€2.00m,2000000,Belgium,First Tier
Iran,Iran,11,Ali Alipour,249360,https://www.transfermarkt.com/ali-alipour/profil/spieler/249360,Centre-Forward,30,Persepolis FC,6079,https://www.transfermarkt.com/persepolis-fc/startseite/verein/6079,€1.70m,1700000,Iran,First Tier
Iran,Iran,20,Shahriar Moghanlou,357125,https://www.transfermarkt.com/shahriar-moghanlou/profil/spieler/357125,Centre-Forward,31,Kalba FC,38040,https://www.transfermarkt.com/al-ittihad-kalba-sports-club/startseite/verein/38040,€800k,800000,United Arab Emirates,First Tier
Iraq,Iraq,22,Ahmed Basil Fadhil,560952,https://www.transfermarkt.com/ahmed-basil-fadhil/profil/spieler/560952,Goalkeeper,29,Al-Shorta SC,13593,https://www.transfermarkt.com/al-shorta-sc/startseite/verein/13593,€450k,450000,Iraq,First Tier
Iraq,Iraq,1,Fahad Talib,377268,https://www.transfermarkt.com/fahad-talib/profil/spieler/377268,Goalkeeper,31,Al-Talaba SC,21726,https://www.transfermarkt.com/al-talaba-sc/startseite/verein/21726,€375k,375000,Iraq,First Tier
Iraq,Iraq,12,Jalal Hassan,206782,https://www.transfermarkt.com/jalal-hassan/profil/spieler/206782,Goalkeeper,35,Al-Zawraa SC,23806,https://www.transfermarkt.com/al-zawraa-sc/startseite/verein/23806,€250k,250000,Iraq,First Tier
Iraq,Iraq,5,Akam Hashem,933541,https://www.transfermarkt.com/akam-hashem/profil/spieler/933541,Centre-Back,27,Al-Zawraa SC,23806,https://www.transfermarkt.com/al-zawraa-sc/startseite/verein/23806,€700k,700000,Iraq,First Tier
Iraq,Iraq,4,Zaid Tahseen,931147,https://www.transfermarkt.com/zaid-tahseen/profil/spieler/931147,Centre-Back,25,Pakhtakor Tashkent,3718,https://www.transfermarkt.com/pakhtakor-tashkent/startseite/verein/3718,€600k,600000,Uzbekistan,First Tier
Iraq,Iraq,26,Frans Dhia Putros,166460,https://www.transfermarkt.com/frans-dhia-putros/profil/spieler/166460,Centre-Back,32,PERSIB Bandung,14105,https://www.transfermarkt.com/persib-bandung/startseite/verein/14105,€325k,325000,Indonesia,First Tier
Iraq,Iraq,6,Manaf Younis,945266,https://www.transfermarkt.com/manaf-younis/profil/spieler/945266,Centre-Back,29,Al-Shorta SC,13593,https://www.transfermarkt.com/al-shorta-sc/startseite/verein/13593,€300k,300000,Iraq,First Tier
Iraq,Iraq,2,Rebin Sulaka,217073,https://www.transfermarkt.com/rebin-sulaka/profil/spieler/217073,Centre-Back,34,Port FC,27092,https://www.transfermarkt.com/port-fc/startseite/verein/27092,€100k,100000,Thailand,First Tier
Iraq,Iraq,23,Merchas Doski,530527,https://www.transfermarkt.com/merchas-doski/profil/spieler/530527,Left-Back,26,FC Viktoria Plzen,941,https://www.transfermarkt.com/fc-viktoria-pilsen/startseite/verein/941,€1.70m,1700000,Czech Republic,First Tier
Iraq,Iraq,15,Ahmed Yahya,949320,https://www.transfermarkt.com/ahmed-yahya/profil/spieler/949320,Left-Back,30,Al-Shorta SC,13593,https://www.transfermarkt.com/al-shorta-sc/startseite/verein/13593,€450k,450000,Iraq,First Tier
Iraq,Iraq,3,Hussein Ali,585325,https://www.transfermarkt.com/hussein-ali/profil/spieler/585325,Right-Back,24,Pogon Szczecin,324,https://www.transfermarkt.com/pogon-stettin/startseite/verein/324,€400k,400000,Poland,First Tier
Iraq,Iraq,25,Mustafa Saadoon,952341,https://www.transfermarkt.com/mustafa-saadoon/profil/spieler/952341,Right-Back,25,Al-Shorta SC,13593,https://www.transfermarkt.com/al-shorta-sc/startseite/verein/13593,€350k,350000,Iraq,First Tier
Iraq,Iraq,16,Amir Al-Ammari,303766,https://www.transfermarkt.com/amir-al-ammari/profil/spieler/303766,Defensive Midfield,28,Cracovia,5689,https://www.transfermarkt.com/cracovia/startseite/verein/5689,€1.00m,1000000,Poland,First Tier
Iraq,Iraq,24,Zaid Ismail,1132850,https://www.transfermarkt.com/zaid-ismail/profil/spieler/1132850,Defensive Midfield,24,Al-Talaba SC,21726,https://www.transfermarkt.com/al-talaba-sc/startseite/verein/21726,€500k,500000,Iraq,First Tier
Iraq,Iraq,20,Aimar Sher,579294,https://www.transfermarkt.com/aimar-sher/profil/spieler/579294,Central Midfield,23,Sarpsborg 08 FF,10217,https://www.transfermarkt.com/sarpsborg-08-ff/startseite/verein/10217,€1.50m,1500000,Norway,First Tier
Iraq,Iraq,14,Zidane Iqbal,686845,https://www.transfermarkt.com/zidane-iqbal/profil/spieler/686845,Central Midfield,23,FC Utrecht U21,17596,https://www.transfermarkt.com/fc-utrecht-ii/startseite/verein/17596,€1.00m,1000000,Netherlands,Second Tier
Iraq,Iraq,19,Kevin Yakob,413268,https://www.transfermarkt.com/kevin-yakob/profil/spieler/413268,Central Midfield,25,Aarhus GF,678,https://www.transfermarkt.com/aarhus-gf/startseite/verein/678,€850k,850000,Denmark,First Tier
Iraq,Iraq,8,Ibrahim Bayesh,560957,https://www.transfermarkt.com/ibrahim-bayesh/profil/spieler/560957,Attacking Midfield,26,Al-Dhafra FC,14456,https://www.transfermarkt.com/al-dhafra-scc/startseite/verein/14456,€800k,800000,United Arab Emirates,First Tier
Iraq,Iraq,21,Marko Farji,663153,https://www.transfermarkt.com/marko-farji/profil/spieler/663153,Left Winger,22,Venezia FC,607,https://www.transfermarkt.com/venezia-fc/startseite/verein/607,€1.70m,1700000,Italy,Second Tier
Iraq,Iraq,7,Youssef Amyn,684307,https://www.transfermarkt.com/youssef-amyn/profil/spieler/684307,Left Winger,22,AEK Larnaca,2156,https://www.transfermarkt.com/aek-larnaka/startseite/verein/2156,€550k,550000,Cyprus,First Tier
Iraq,Iraq,17,Ali Jasim,877672,https://www.transfermarkt.com/ali-jasim/profil/spieler/877672,Left Winger,22,Al-Najma SC,32328,https://www.transfermarkt.com/al-najma/startseite/verein/32328,€500k,500000,Saudi Arabia,First Tier
Iraq,Iraq,11,Ahmed Qasem,833817,https://www.transfermarkt.com/ahmed-qasem/profil/spieler/833817,Right Winger,22,Nashville SC,63966,https://www.transfermarkt.com/nashville-sc/startseite/verein/63966,€3.50m,3500000,United States,First Tier
Iraq,Iraq,9,Ali Al-Hamadi,610581,https://www.transfermarkt.com/ali-al-hamadi/profil/spieler/610581,Centre-Forward,24,Luton Town,1031,https://www.transfermarkt.com/luton-town/startseite/verein/1031,€1.50m,1500000,England,Third Tier
Iraq,Iraq,10,Mohanad Ali,589646,https://www.transfermarkt.com/mohanad-ali/profil/spieler/589646,Centre-Forward,25,Dibba SCC,44289,https://www.transfermarkt.com/dibba-al-fujairah/startseite/verein/44289,€1.20m,1200000,United Arab Emirates,First Tier
Iraq,Iraq,18,Aymen Hussein,401054,https://www.transfermarkt.com/aymen-hussein/profil/spieler/401054,Centre-Forward,30,Al-Karma,103329,https://www.transfermarkt.com/al-karma/startseite/verein/103329,€400k,400000,Iraq,First Tier
Iraq,Iraq,13,Ali Yousif,576265,https://www.transfermarkt.com/ali-yousif/profil/spieler/576265,Centre-Forward,30,Al-Talaba SC,21726,https://www.transfermarkt.com/al-talaba-sc/startseite/verein/21726,€200k,200000,Iraq,First Tier
Ivory Coast,Ivory Coast,1,Yahia Fofana,418651,https://www.transfermarkt.com/yahia-fofana/profil/spieler/418651,Goalkeeper,25,Caykur Rizespor,126,https://www.transfermarkt.com/caykur-rizespor/startseite/verein/126,€5.00m,5000000,Türkiye,First Tier
Ivory Coast,Ivory Coast,23,Alban Lafont,357117,https://www.transfermarkt.com/alban-lafont/profil/spieler/357117,Goalkeeper,27,Panathinaikos,265,https://www.transfermarkt.com/panathinaikos-athen/startseite/verein/265,€3.00m,3000000,Greece,First Tier
Ivory Coast,Ivory Coast,16,Mohamed Koné,911985,https://www.transfermarkt.com/mohamed-kone/profil/spieler/911985,Goalkeeper,24,Royal Charleroi SC,172,https://www.transfermarkt.com/rsc-charleroi/startseite/verein/172,€2.00m,2000000,Belgium,First Tier
Ivory Coast,Ivory Coast,2,Ousmane Diomande,974982,https://www.transfermarkt.com/ousmane-diomande/profil/spieler/974982,Centre-Back,22,Sporting CP,336,https://www.transfermarkt.com/sporting-lissabon/startseite/verein/336,€42.00m,42000000,Portugal,First Tier
Ivory Coast,Ivory Coast,21,Evan Ndicka,371149,https://www.transfermarkt.com/evan-ndicka/profil/spieler/371149,Centre-Back,26,AS Roma,12,https://www.transfermarkt.com/as-rom/startseite/verein/12,€35.00m,35000000,Italy,First Tier
Ivory Coast,Ivory Coast,5,Wilfried Singo,648779,https://www.transfermarkt.com/wilfried-singo/profil/spieler/648779,Centre-Back,25,Galatasaray,141,https://www.transfermarkt.com/galatasaray-istanbul/startseite/verein/141,€23.00m,23000000,Türkiye,First Tier
Ivory Coast,Ivory Coast,20,Emmanuel Agbadou,683895,https://www.transfermarkt.com/emmanuel-agbadou/profil/spieler/683895,Centre-Back,28,Besiktas JK,114,https://www.transfermarkt.com/besiktas-istanbul/startseite/verein/114,€16.00m,16000000,Türkiye,First Tier
Ivory Coast,Ivory Coast,7,Odilon Kossounou,644771,https://www.transfermarkt.com/odilon-kossounou/profil/spieler/644771,Centre-Back,25,Atalanta BC,800,https://www.transfermarkt.com/atalanta-bergamo/startseite/verein/800,€15.00m,15000000,Italy,First Tier
Ivory Coast,Ivory Coast,13,Christopher Operi,469976,https://www.transfermarkt.com/christopher-operi/profil/spieler/469976,Left-Back,29,Basaksehir FK,6890,https://www.transfermarkt.com/istanbul-basaksehir-fk/startseite/verein/6890,€4.00m,4000000,Türkiye,First Tier
Ivory Coast,Ivory Coast,3,Ghislain Konan,422850,https://www.transfermarkt.com/ghislain-konan/profil/spieler/422850,Left-Back,30,Gil Vicente FC,2424,https://www.transfermarkt.com/gil-vicente-fc/startseite/verein/2424,€3.00m,3000000,Portugal,First Tier
Ivory Coast,Ivory Coast,17,Guéla Doué,711980,https://www.transfermarkt.com/guela-doue/profil/spieler/711980,Right-Back,23,RC Strasbourg Alsace,667,https://www.transfermarkt.com/rc-strassburg-alsace/startseite/verein/667,€20.00m,20000000,France,First Tier
Ivory Coast,Ivory Coast,18,Ibrahim Sangaré,375885,https://www.transfermarkt.com/ibrahim-sangare/profil/spieler/375885,Defensive Midfield,28,Nottingham Forest,703,https://www.transfermarkt.com/nottingham-forest/startseite/verein/703,€20.00m,20000000,England,First Tier
Ivory Coast,Ivory Coast,4,Jean Michaël Seri,178614,https://www.transfermarkt.com/jean-michael-seri/profil/spieler/178614,Defensive Midfield,34,NK Maribor,790,https://www.transfermarkt.com/nk-maribor/startseite/verein/790,€100k,100000,Slovenia,First Tier
Ivory Coast,Ivory Coast,26,Christ Inao Oulaï,1279526,https://www.transfermarkt.com/christ-inao-oulai/profil/spieler/1279526,Central Midfield,20,Trabzonspor,449,https://www.transfermarkt.com/trabzonspor/startseite/verein/449,€23.00m,23000000,Türkiye,First Tier
Ivory Coast,Ivory Coast,8,Franck Kessié,294808,https://www.transfermarkt.com/franck-kessie/profil/spieler/294808,Central Midfield,29,Al-Ahli SFC,18487,https://www.transfermarkt.com/al-ahli-dschidda/startseite/verein/18487,€12.00m,12000000,Saudi Arabia,First Tier
Ivory Coast,Ivory Coast,6,Seko Fofana,182893,https://www.transfermarkt.com/seko-fofana/profil/spieler/182893,Central Midfield,31,FC Porto,720,https://www.transfermarkt.com/fc-porto/startseite/verein/720,€8.00m,8000000,Portugal,First Tier
Ivory Coast,Ivory Coast,11,Yan Diomande,1390649,https://www.transfermarkt.com/yan-diomande/profil/spieler/1390649,Left Winger,19,RB Leipzig,23826,https://www.transfermarkt.com/rasenballsport-leipzig/startseite/verein/23826,€90.00m,90000000,Germany,First Tier
Ivory Coast,Ivory Coast,24,Bazoumana Touré,1067904,https://www.transfermarkt.com/bazoumana-toure/profil/spieler/1067904,Left Winger,20,TSG 1899 Hoffenheim,533,https://www.transfermarkt.com/tsg-1899-hoffenheim/startseite/verein/533,€40.00m,40000000,Germany,First Tier
Ivory Coast,Ivory Coast,10,Simon Adingra,658536,https://www.transfermarkt.com/simon-adingra/profil/spieler/658536,Left Winger,24,AS Monaco,162,https://www.transfermarkt.com/as-monaco/startseite/verein/162,€22.00m,22000000,France,First Tier
Ivory Coast,Ivory Coast,25,Parfait Guiagon,624913,https://www.transfermarkt.com/parfait-guiagon/profil/spieler/624913,Left Winger,25,Royal Charleroi SC,172,https://www.transfermarkt.com/rsc-charleroi/startseite/verein/172,€5.00m,5000000,Belgium,First Tier
Ivory Coast,Ivory Coast,15,Amad Diallo,536835,https://www.transfermarkt.com/amad-diallo/profil/spieler/536835,Right Winger,23,Manchester United,985,https://www.transfermarkt.com/manchester-united/startseite/verein/985,€45.00m,45000000,England,First Tier
Ivory Coast,Ivory Coast,22,Evann Guessand,500689,https://www.transfermarkt.com/evann-guessand/profil/spieler/500689,Right Winger,24,Crystal Palace,873,https://www.transfermarkt.com/crystal-palace/startseite/verein/873,€25.00m,25000000,England,First Tier
Ivory Coast,Ivory Coast,19,Nicolas Pépé,343052,https://www.transfermarkt.com/nicolas-pepe/profil/spieler/343052,Right Winger,31,Villarreal CF,1050,https://www.transfermarkt.com/fc-villarreal/startseite/verein/1050,€6.00m,6000000,Spain,First Tier
Ivory Coast,Ivory Coast,9,Ange-Yoan Bonny,827734,https://www.transfermarkt.com/ange-yoan-bonny/profil/spieler/827734,Centre-Forward,22,Inter Milan,46,https://www.transfermarkt.com/inter-mailand/startseite/verein/46,€35.00m,35000000,Italy,First Tier
Ivory Coast,Ivory Coast,12,Elye Wahi,659542,https://www.transfermarkt.com/elye-wahi/profil/spieler/659542,Centre-Forward,23,OGC Nice,417,https://www.transfermarkt.com/ogc-nizza/startseite/verein/417,€18.00m,18000000,France,First Tier
Ivory Coast,Ivory Coast,14,Oumar Diakité,847279,https://www.transfermarkt.com/oumar-diakite/profil/spieler/847279,Centre-Forward,22,Cercle Brugge ,520,https://www.transfermarkt.com/cercle-brugge/startseite/verein/520,€5.00m,5000000,Belgium,First Tier
Japan,Japan,1,Zion Suzuki,432298,https://www.transfermarkt.com/zion-suzuki/profil/spieler/432298,Goalkeeper,23,Parma Calcio 1913,130,https://www.transfermarkt.com/parma-calcio-1913/startseite/verein/130,€20.00m,20000000,Italy,First Tier
Japan,Japan,12,Keisuke Osako,415521,https://www.transfermarkt.com/keisuke-osako/profil/spieler/415521,Goalkeeper,26,Sanfrecce Hiroshima,2697,https://www.transfermarkt.com/sanfrecce-hiroshima/startseite/verein/2697,€2.00m,2000000,Japan,League Cup
Japan,Japan,23,Tomoki Hayakawa,683271,https://www.transfermarkt.com/tomoki-hayakawa/profil/spieler/683271,Goalkeeper,27,Kashima Antlers,2241,https://www.transfermarkt.com/kashima-antlers/startseite/verein/2241,€2.00m,2000000,Japan,League Cup
Japan,Japan,21,Hiroki Ito,353892,https://www.transfermarkt.com/hiroki-ito/profil/spieler/353892,Centre-Back,27,Bayern Munich,27,https://www.transfermarkt.com/fc-bayern-munchen/startseite/verein/27,€18.00m,18000000,Germany,First Tier
Japan,Japan,16,Tsuyoshi Watanabe,598791,https://www.transfermarkt.com/tsuyoshi-watanabe/profil/spieler/598791,Centre-Back,29,Feyenoord Rotterdam,234,https://www.transfermarkt.com/feyenoord-rotterdam/startseite/verein/234,€10.00m,10000000,Netherlands,First Tier
Japan,Japan,4,Ko Itakura,355816,https://www.transfermarkt.com/ko-itakura/profil/spieler/355816,Centre-Back,29,Ajax Amsterdam,610,https://www.transfermarkt.com/ajax-amsterdam/startseite/verein/610,€8.00m,8000000,Netherlands,First Tier
Japan,Japan,20,Ayumu Seko,405389,https://www.transfermarkt.com/ayumu-seko/profil/spieler/405389,Centre-Back,25,Le Havre AC,738,https://www.transfermarkt.com/ac-le-havre/startseite/verein/738,€5.00m,5000000,France,First Tier
Japan,Japan,25,Junnosuke Suzuki,848856,https://www.transfermarkt.com/junnosuke-suzuki/profil/spieler/848856,Centre-Back,22,FC Copenhagen,190,https://www.transfermarkt.com/fc-kopenhagen/startseite/verein/190,€3.50m,3500000,Denmark,First Tier
Japan,Japan,3,Shogo Taniguchi,307870,https://www.transfermarkt.com/shogo-taniguchi/profil/spieler/307870,Centre-Back,34,Sint-Truidense VV,475,https://www.transfermarkt.com/vv-st-truiden/startseite/verein/475,€750k,750000,Belgium,First Tier
Japan,Japan,5,Yuto Nagatomo,79522,https://www.transfermarkt.com/yuto-nagatomo/profil/spieler/79522,Left-Back,39,FC Tokyo,6631,https://www.transfermarkt.com/fc-tokyo/startseite/verein/6631,€100k,100000,Japan,League Cup
Japan,Japan,2,Yukinari Sugawara,405385,https://www.transfermarkt.com/yukinari-sugawara/profil/spieler/405385,Right-Back,25,SV Werder Bremen,86,https://www.transfermarkt.com/sv-werder-bremen/startseite/verein/86,€5.50m,5500000,Germany,First Tier
Japan,Japan,22,Takehiro Tomiyasu,331560,https://www.transfermarkt.com/takehiro-tomiyasu/profil/spieler/331560,Right-Back,27,Ajax Amsterdam,610,https://www.transfermarkt.com/ajax-amsterdam/startseite/verein/610,€5.00m,5000000,Netherlands,First Tier
Japan,Japan,24,Kaishu Sano,643574,https://www.transfermarkt.com/kaishu-sano/profil/spieler/643574,Defensive Midfield,25,1.FSV Mainz 05,39,https://www.transfermarkt.com/1-fsv-mainz-05/startseite/verein/39,€40.00m,40000000,Germany,First Tier
Japan,Japan,6,Wataru Endo,146310,https://www.transfermarkt.com/wataru-endo/profil/spieler/146310,Defensive Midfield,33,Liverpool FC,31,https://www.transfermarkt.com/fc-liverpool/startseite/verein/31,€4.00m,4000000,England,First Tier
Japan,Japan,7,Ao Tanaka,489359,https://www.transfermarkt.com/ao-tanaka/profil/spieler/489359,Central Midfield,27,Leeds United,399,https://www.transfermarkt.com/leeds-united/startseite/verein/399,€13.00m,13000000,England,First Tier
Japan,Japan,15,Daichi Kamada,356141,https://www.transfermarkt.com/daichi-kamada/profil/spieler/356141,Attacking Midfield,29,Crystal Palace,873,https://www.transfermarkt.com/crystal-palace/startseite/verein/873,€10.00m,10000000,England,First Tier
Japan,Japan,11,Daizen Maeda,420931,https://www.transfermarkt.com/daizen-maeda/profil/spieler/420931,Left Winger,28,Celtic FC,371,https://www.transfermarkt.com/celtic-glasgow/startseite/verein/371,€13.00m,13000000,Scotland,First Tier
Japan,Japan,13,Keito Nakamura,405397,https://www.transfermarkt.com/keito-nakamura/profil/spieler/405397,Left Winger,25,Stade Reims,1421,https://www.transfermarkt.com/stade-reims/startseite/verein/1421,€10.00m,10000000,France,Second Tier
Japan,Japan,8,Takefusa Kubo,405398,https://www.transfermarkt.com/takefusa-kubo/profil/spieler/405398,Right Winger,25,Real Sociedad,681,https://www.transfermarkt.com/real-sociedad-san-sebastian/startseite/verein/681,€20.00m,20000000,Spain,First Tier
Japan,Japan,10,Ritsu Doan,358504,https://www.transfermarkt.com/ritsu-doan/profil/spieler/358504,Right Winger,27,Eintracht Frankfurt,24,https://www.transfermarkt.com/eintracht-frankfurt/startseite/verein/24,€17.00m,17000000,Germany,First Tier
Japan,Japan,14,Junya Ito,348791,https://www.transfermarkt.com/junya-ito/profil/spieler/348791,Right Winger,33,KRC Genk,1184,https://www.transfermarkt.com/krc-genk/startseite/verein/1184,€3.00m,3000000,Belgium,First Tier
Japan,Japan,17,Yuito Suzuki,668606,https://www.transfermarkt.com/yuito-suzuki/profil/spieler/668606,Second Striker,24,SC Freiburg,60,https://www.transfermarkt.com/sc-freiburg/startseite/verein/60,€24.00m,24000000,Germany,First Tier
Japan,Japan,18,Ayase Ueda,589128,https://www.transfermarkt.com/ayase-ueda/profil/spieler/589128,Centre-Forward,27,Feyenoord Rotterdam,234,https://www.transfermarkt.com/feyenoord-rotterdam/startseite/verein/234,€17.00m,17000000,Netherlands,First Tier
Japan,Japan,9,Keisuke Goto,916623,https://www.transfermarkt.com/keisuke-goto/profil/spieler/916623,Centre-Forward,21,Sint-Truidense VV,475,https://www.transfermarkt.com/vv-st-truiden/startseite/verein/475,€10.00m,10000000,Belgium,First Tier
Japan,Japan,26,Kento Shiogai,1144627,https://www.transfermarkt.com/kento-shiogai/profil/spieler/1144627,Centre-Forward,21,VfL Wolfsburg,82,https://www.transfermarkt.com/vfl-wolfsburg/startseite/verein/82,€8.00m,8000000,Germany,First Tier
Japan,Japan,19,Koki Ogawa,351567,https://www.transfermarkt.com/koki-ogawa/profil/spieler/351567,Centre-Forward,28,NEC Nijmegen,467,https://www.transfermarkt.com/nec-nijmegen/startseite/verein/467,€2.00m,2000000,Netherlands,First Tier
Jordan,Jordan,1,Yazeed Abulaila,261850,https://www.transfermarkt.com/yazeed-abulaila/profil/spieler/261850,Goalkeeper,33,Al-Hussein SC (Irbid),15795,https://www.transfermarkt.com/al-hussein-sc-irbid-/startseite/verein/15795,€300k,300000,Jordan,First Tier
Jordan,Jordan,12,Noor Bane Ataya,261837,https://www.transfermarkt.com/noor-bane-ataya/profil/spieler/261837,Goalkeeper,33,Al-Faisaly SC,13592,https://www.transfermarkt.com/al-faisaly-amman/startseite/verein/13592,€250k,250000,Jordan,First Tier
Jordan,Jordan,22,Abdallah Al-Fakhouri,658805,https://www.transfermarkt.com/abdallah-al-fakhouri/profil/spieler/658805,Goalkeeper,26,Al-Wehdat SC,15796,https://www.transfermarkt.com/al-wehdat/startseite/verein/15796,€250k,250000,Jordan,First Tier
Jordan,Jordan,5,Yazan Al-Arab,539961,https://www.transfermarkt.com/yazan-al-arab/profil/spieler/539961,Centre-Back,30,FC Seoul,6500,https://www.transfermarkt.com/fc-seoul/startseite/verein/6500,€1.00m,1000000,"Korea, South",First Tier
Jordan,Jordan,19,Saed Al-Rousan,561481,https://www.transfermarkt.com/saed-al-rousan/profil/spieler/561481,Centre-Back,29,Al-Hussein SC (Irbid),15795,https://www.transfermarkt.com/al-hussein-sc-irbid-/startseite/verein/15795,€450k,450000,Jordan,First Tier
Jordan,Jordan,3,Abdallah Nasib,882197,https://www.transfermarkt.com/abdallah-nasib/profil/spieler/882197,Centre-Back,32,Al-Zawraa SC,23806,https://www.transfermarkt.com/al-zawraa-sc/startseite/verein/23806,€400k,400000,Iraq,First Tier
Jordan,Jordan,4,Husam Abu Dahab,895291,https://www.transfermarkt.com/husam-abu-dahab/profil/spieler/895291,Centre-Back,26,Al-Faisaly SC,13592,https://www.transfermarkt.com/al-faisaly-amman/startseite/verein/13592,€350k,350000,Jordan,First Tier
Jordan,Jordan,16,Mohammad Abualnadi,658052,https://www.transfermarkt.com/mohammad-abualnadi/profil/spieler/658052,Centre-Back,25,Selangor FC,15831,https://www.transfermarkt.com/selangor-fc/startseite/verein/15831,€350k,350000,Malaysia,First Tier
Jordan,Jordan,17,Saleem Obaid,658807,https://www.transfermarkt.com/saleem-obaid/profil/spieler/658807,Centre-Back,34,Al-Hussein SC (Irbid),15795,https://www.transfermarkt.com/al-hussein-sc-irbid-/startseite/verein/15795,€100k,100000,Jordan,First Tier
Jordan,Jordan,20,Mohannad Abu Taha,883111,https://www.transfermarkt.com/mohannad-abu-taha/profil/spieler/883111,Left-Back,23,Al-Quwa Al-Jawiya,23805,https://www.transfermarkt.com/al-quwa-al-jawiya/startseite/verein/23805,€550k,550000,Iraq,First Tier
Jordan,Jordan,2,Mohammad Abu Hasheesh,895249,https://www.transfermarkt.com/mohammad-abu-hasheesh/profil/spieler/895249,Left-Back,31,Al-Karma,103329,https://www.transfermarkt.com/al-karma/startseite/verein/103329,€400k,400000,Iraq,First Tier
Jordan,Jordan,23,Ehsan Haddad,310943,https://www.transfermarkt.com/ehsan-haddad/profil/spieler/310943,Right-Back,32,Al-Hussein SC (Irbid),15795,https://www.transfermarkt.com/al-hussein-sc-irbid-/startseite/verein/15795,€300k,300000,Jordan,First Tier
Jordan,Jordan,26,Anas Badawi,1378902,https://www.transfermarkt.com/anas-badawi/profil/spieler/1378902,Right-Back,28,Al-Faisaly SC,13592,https://www.transfermarkt.com/al-faisaly-amman/startseite/verein/13592,€200k,200000,Jordan,First Tier
Jordan,Jordan,21,Nizar Al-Rashdan,734751,https://www.transfermarkt.com/nizar-al-rashdan/profil/spieler/734751,Defensive Midfield,27,Qatar SC,965,https://www.transfermarkt.com/qatar-sc/startseite/verein/965,€600k,600000,Qatar,First Tier
Jordan,Jordan,6,Amer Jamous,744040,https://www.transfermarkt.com/amer-jamous/profil/spieler/744040,Central Midfield,23,Al-Zawraa SC,23806,https://www.transfermarkt.com/al-zawraa-sc/startseite/verein/23806,€500k,500000,Iraq,First Tier
Jordan,Jordan,8,Noor Al-Rawabdeh,561485,https://www.transfermarkt.com/noor-al-rawabdeh/profil/spieler/561485,Central Midfield,29,Selangor FC,15831,https://www.transfermarkt.com/selangor-fc/startseite/verein/15831,€500k,500000,Malaysia,First Tier
Jordan,Jordan,15,Ibrahim Saadeh,709974,https://www.transfermarkt.com/ibrahim-saadeh/profil/spieler/709974,Central Midfield,26,Al-Karma,103329,https://www.transfermarkt.com/al-karma/startseite/verein/103329,€500k,500000,Iraq,First Tier
Jordan,Jordan,14,Rajaei Ayed,261842,https://www.transfermarkt.com/rajaei-ayed/profil/spieler/261842,Central Midfield,32,Al-Hussein SC (Irbid),15795,https://www.transfermarkt.com/al-hussein-sc-irbid-/startseite/verein/15795,€325k,325000,Jordan,First Tier
Jordan,Jordan,25,Mohammad Al-Dawoud,310801,https://www.transfermarkt.com/mohammad-al-dawoud/profil/spieler/310801,Central Midfield,33,Al-Wehdat SC,15796,https://www.transfermarkt.com/al-wehdat/startseite/verein/15796,€150k,150000,Jordan,First Tier
Jordan,Jordan,11,Odeh Fakhoury,1252820,https://www.transfermarkt.com/odeh-fakhoury/profil/spieler/1252820,Left Winger,20,Pyramids FC,44664,https://www.transfermarkt.com/pyramids-fc/startseite/verein/44664,€350k,350000,Egypt,First Tier
Jordan,Jordan,13,Mahmoud Al-Mardi,401086,https://www.transfermarkt.com/mahmoud-al-mardi/profil/spieler/401086,Left Winger,32,Al-Hussein SC (Irbid),15795,https://www.transfermarkt.com/al-hussein-sc-irbid-/startseite/verein/15795,€350k,350000,Jordan,First Tier
Jordan,Jordan,10,Mousa Tamari,551505,https://www.transfermarkt.com/mousa-tamari/profil/spieler/551505,Right Winger,28,Stade Rennais FC,273,https://www.transfermarkt.com/fc-stade-rennes/startseite/verein/273,€10.00m,10000000,France,First Tier
Jordan,Jordan,7,Shararh,677986,https://www.transfermarkt.com/shararh/profil/spieler/677986,Right Winger,28,Raja Club Athletic,2068,https://www.transfermarkt.com/raja-casablanca/startseite/verein/2068,€700k,700000,Morocco,First Tier
Jordan,Jordan,24,Ali Azaizeh,1059056,https://www.transfermarkt.com/ali-azaizeh/profil/spieler/1059056,Right Winger,22,Al-Shabab FC,9840,https://www.transfermarkt.com/al-shabab-riad/startseite/verein/9840,€325k,325000,Saudi Arabia,First Tier
Jordan,Jordan,9,Ali Olwan,664057,https://www.transfermarkt.com/ali-olwan/profil/spieler/664057,Centre-Forward,26,Al-Sailiya SC,4630,https://www.transfermarkt.com/al-sailiya-sc/startseite/verein/4630,€800k,800000,Qatar,First Tier
Jordan,Jordan,18,Ibrahim Sabra,1142382,https://www.transfermarkt.com/ibrahim-sabra/profil/spieler/1142382,Centre-Forward,20,NK Lokomotiva Zagreb,11194,https://www.transfermarkt.com/nk-lokomotiva-zagreb/startseite/verein/11194,€500k,500000,Croatia,First Tier
Mexico,Mexico,1,Raúl Rangel,802855,https://www.transfermarkt.com/raul-rangel/profil/spieler/802855,Goalkeeper,26,Deportivo Guadalajara,6711,https://www.transfermarkt.com/deportivo-guadalajara/startseite/verein/6711,€6.50m,6500000,Mexico,First Tier
Mexico,Mexico,12,Carlos Acevedo,356042,https://www.transfermarkt.com/carlos-acevedo/profil/spieler/356042,Goalkeeper,30,Santos Laguna,1403,https://www.transfermarkt.com/santos-laguna/startseite/verein/1403,€2.80m,2800000,Mexico,First Tier
Mexico,Mexico,13,Guillermo Ochoa,29559,https://www.transfermarkt.com/guillermo-ochoa/profil/spieler/29559,Goalkeeper,40,AEL Limassol,786,https://www.transfermarkt.com/ael-limassol/startseite/verein/786,€250k,250000,Cyprus,First Tier
Mexico,Mexico,5,Johan Vásquez,532937,https://www.transfermarkt.com/johan-vasquez/profil/spieler/532937,Centre-Back,27,Genoa CFC,252,https://www.transfermarkt.com/genua-cfc/startseite/verein/252,€12.00m,12000000,Italy,First Tier
Mexico,Mexico,3,César Montes,387687,https://www.transfermarkt.com/cesar-montes/profil/spieler/387687,Centre-Back,29,Lokomotiv Moscow,932,https://www.transfermarkt.com/lokomotiv-moskau/startseite/verein/932,€7.50m,7500000,Russia,First Tier
Mexico,Mexico,7,Luis Romo,532938,https://www.transfermarkt.com/luis-romo/profil/spieler/532938,Centre-Back,31,Deportivo Guadalajara,6711,https://www.transfermarkt.com/deportivo-guadalajara/startseite/verein/6711,€3.00m,3000000,Mexico,First Tier
Mexico,Mexico,20,Mateo Chávez,1066953,https://www.transfermarkt.com/mateo-chavez/profil/spieler/1066953,Left-Back,22,AZ Alkmaar,1090,https://www.transfermarkt.com/az-alkmaar/startseite/verein/1090,€4.00m,4000000,Netherlands,First Tier
Mexico,Mexico,23,Jesús Gallardo,344854,https://www.transfermarkt.com/jesus-gallardo/profil/spieler/344854,Left-Back,31,Deportivo Toluca,1804,https://www.transfermarkt.com/deportivo-toluca/startseite/verein/1804,€2.80m,2800000,Mexico,First Tier
Mexico,Mexico,15,Israel Reyes,687558,https://www.transfermarkt.com/israel-reyes/profil/spieler/687558,Right-Back,26,CF América,3631,https://www.transfermarkt.com/cf-america/startseite/verein/3631,€6.50m,6500000,Mexico,First Tier
Mexico,Mexico,2,Jorge Sánchez,356044,https://www.transfermarkt.com/jorge-sanchez/profil/spieler/356044,Right-Back,28,PAOK Thessaloniki,1091,https://www.transfermarkt.com/paok-thessaloniki/startseite/verein/1091,€2.00m,2000000,Greece,First Tier
Mexico,Mexico,4,Edson Álvarez,401356,https://www.transfermarkt.com/edson-alvarez/profil/spieler/401356,Defensive Midfield,28,Fenerbahce,36,https://www.transfermarkt.com/fenerbahce-istanbul/startseite/verein/36,€15.00m,15000000,Türkiye,First Tier
Mexico,Mexico,6,Érik Lira,602324,https://www.transfermarkt.com/erik-lira/profil/spieler/602324,Defensive Midfield,26,CD Cruz Azul,3711,https://www.transfermarkt.com/cd-cruz-azul/startseite/verein/3711,€12.00m,12000000,Mexico,First Tier
Mexico,Mexico,24,Luis Chávez,331059,https://www.transfermarkt.com/luis-chavez/profil/spieler/331059,Defensive Midfield,30,Dynamo Moscow,121,https://www.transfermarkt.com/dinamo-moskau/startseite/verein/121,€6.00m,6000000,Russia,First Tier
Mexico,Mexico,18,Obed Vargas,889435,https://www.transfermarkt.com/obed-vargas/profil/spieler/889435,Central Midfield,20,Atlético de Madrid,13,https://www.transfermarkt.com/atletico-madrid/startseite/verein/13,€10.00m,10000000,Spain,First Tier
Mexico,Mexico,17,Orbelín Pineda,334042,https://www.transfermarkt.com/orbelin-pineda/profil/spieler/334042,Central Midfield,30,AEK Athens,2441,https://www.transfermarkt.com/aek-athen/startseite/verein/2441,€7.00m,7000000,Greece,First Tier
Mexico,Mexico,8,Álvaro Fidalgo,261503,https://www.transfermarkt.com/alvaro-fidalgo/profil/spieler/261503,Central Midfield,29,Real Betis Balompié,150,https://www.transfermarkt.com/real-betis-sevilla/startseite/verein/150,€6.00m,6000000,Spain,First Tier
Mexico,Mexico,19,Gilberto Mora,1155723,https://www.transfermarkt.com/gilberto-mora/profil/spieler/1155723,Attacking Midfield,17,Club Tijuana,13353,https://www.transfermarkt.com/club-tijuana/startseite/verein/13353,€10.00m,10000000,Mexico,First Tier
Mexico,Mexico,26,Brian Gutiérrez,724443,https://www.transfermarkt.com/brian-gutierrez/profil/spieler/724443,Attacking Midfield,22,Deportivo Guadalajara,6711,https://www.transfermarkt.com/deportivo-guadalajara/startseite/verein/6711,€8.00m,8000000,Mexico,First Tier
Mexico,Mexico,10,Alexis Vega,424689,https://www.transfermarkt.com/alexis-vega/profil/spieler/424689,Left Winger,28,Deportivo Toluca,1804,https://www.transfermarkt.com/deportivo-toluca/startseite/verein/1804,€8.00m,8000000,Mexico,First Tier
Mexico,Mexico,21,César Huerta,540315,https://www.transfermarkt.com/cesar-huerta/profil/spieler/540315,Left Winger,25,RSC Anderlecht,58,https://www.transfermarkt.com/rsc-anderlecht/startseite/verein/58,€3.50m,3500000,Belgium,First Tier
Mexico,Mexico,25,Roberto Alvarado,353583,https://www.transfermarkt.com/roberto-alvarado/profil/spieler/353583,Right Winger,27,Deportivo Guadalajara,6711,https://www.transfermarkt.com/deportivo-guadalajara/startseite/verein/6711,€7.50m,7500000,Mexico,First Tier
Mexico,Mexico,11,Santiago Gimenez,552955,https://www.transfermarkt.com/santiago-gimenez/profil/spieler/552955,Centre-Forward,25,AC Milan,5,https://www.transfermarkt.com/ac-mailand/startseite/verein/5,€18.00m,18000000,Italy,First Tier
Mexico,Mexico,14,Armando González,837619,https://www.transfermarkt.com/armando-gonzalez/profil/spieler/837619,Centre-Forward,23,Deportivo Guadalajara,6711,https://www.transfermarkt.com/deportivo-guadalajara/startseite/verein/6711,€15.00m,15000000,Mexico,First Tier
Mexico,Mexico,16,Julián Quiñones,416090,https://www.transfermarkt.com/julian-quinones/profil/spieler/416090,Centre-Forward,29,Al-Qadsiah FC,26069,https://www.transfermarkt.com/al-qadisiyah-fc/startseite/verein/26069,€14.00m,14000000,Saudi Arabia,First Tier
Mexico,Mexico,9,Raúl Jiménez,206040,https://www.transfermarkt.com/raul-jimenez/profil/spieler/206040,Centre-Forward,35,Fulham FC,931,https://www.transfermarkt.com/fc-fulham/startseite/verein/931,€3.00m,3000000,England,First Tier
Mexico,Mexico,22,Guillermo Martínez,347932,https://www.transfermarkt.com/guillermo-martinez/profil/spieler/347932,Centre-Forward,31,UNAM Pumas,7633,https://www.transfermarkt.com/unam-pumas/startseite/verein/7633,€1.50m,1500000,Mexico,First Tier
Morocco,Morocco,1,Yassine Bounou,207834,https://www.transfermarkt.com/yassine-bounou/profil/spieler/207834,Goalkeeper,35,Al-Hilal SFC,1114,https://www.transfermarkt.com/al-hilal-riad/startseite/verein/1114,€3.00m,3000000,Saudi Arabia,First Tier
Morocco,Morocco,22,Ahmed Reda Tagnaouti,238997,https://www.transfermarkt.com/ahmed-reda-tagnaouti/profil/spieler/238997,Goalkeeper,30,AS FAR Rabat,9099,https://www.transfermarkt.com/far-rabat/startseite/verein/9099,€1.00m,1000000,Morocco,First Tier
Morocco,Morocco,12,Munir El Kajoui,97925,https://www.transfermarkt.com/munir-el-kajoui/profil/spieler/97925,Goalkeeper,37,Renaissance de Berkane,37176,https://www.transfermarkt.com/renaissance-de-berkane/startseite/verein/37176,€600k,600000,Morocco,First Tier
Morocco,Morocco,5,Nayef Aguerd,361914,https://www.transfermarkt.com/nayef-aguerd/profil/spieler/361914,Centre-Back,30,Olympique Marseille,244,https://www.transfermarkt.com/olympique-marseille/startseite/verein/244,€15.00m,15000000,France,First Tier
Morocco,Morocco,18,Chadi Riad,689637,https://www.transfermarkt.com/chadi-riad/profil/spieler/689637,Centre-Back,22,Crystal Palace,873,https://www.transfermarkt.com/crystal-palace/startseite/verein/873,€15.00m,15000000,England,First Tier
Morocco,Morocco,14,Issa Diop,272622,https://www.transfermarkt.com/issa-diop/profil/spieler/272622,Centre-Back,29,Fulham FC,931,https://www.transfermarkt.com/fc-fulham/startseite/verein/931,€8.00m,8000000,England,First Tier
Morocco,Morocco,25,Redouane Halhal,913660,https://www.transfermarkt.com/redouane-halhal/profil/spieler/913660,Centre-Back,23,KV Mechelen,354,https://www.transfermarkt.com/kv-mechelen/startseite/verein/354,€5.00m,5000000,Belgium,First Tier
Morocco,Morocco,26,Anass Salah-Eddine,485584,https://www.transfermarkt.com/anass-salah-eddine/profil/spieler/485584,Left-Back,24,PSV Eindhoven,383,https://www.transfermarkt.com/psv-eindhoven/startseite/verein/383,€12.00m,12000000,Netherlands,First Tier
Morocco,Morocco,19,Youssef Belammari,518804,https://www.transfermarkt.com/youssef-belammari/profil/spieler/518804,Left-Back,27,Al Ahly FC,7,https://www.transfermarkt.com/el-ahly-kairo/startseite/verein/7,€1.20m,1200000,Egypt,First Tier
Morocco,Morocco,2,Achraf Hakimi,398073,https://www.transfermarkt.com/achraf-hakimi/profil/spieler/398073,Right-Back,27,Paris Saint-Germain,583,https://www.transfermarkt.com/fc-paris-saint-germain/startseite/verein/583,€80.00m,80000000,France,First Tier
Morocco,Morocco,3,Noussair Mazraoui,340456,https://www.transfermarkt.com/noussair-mazraoui/profil/spieler/340456,Right-Back,28,Manchester United,985,https://www.transfermarkt.com/manchester-united/startseite/verein/985,€18.00m,18000000,England,First Tier
Morocco,Morocco,13,Zakaria El Ouahdi,820474,https://www.transfermarkt.com/zakaria-el-ouahdi/profil/spieler/820474,Right-Back,24,KRC Genk,1184,https://www.transfermarkt.com/krc-genk/startseite/verein/1184,€17.00m,17000000,Belgium,First Tier
Morocco,Morocco,4,Sofyan Amrabat,287579,https://www.transfermarkt.com/sofyan-amrabat/profil/spieler/287579,Defensive Midfield,29,Real Betis Balompié,150,https://www.transfermarkt.com/real-betis-sevilla/startseite/verein/150,€10.00m,10000000,Spain,First Tier
Morocco,Morocco,6,Ayyoub Bouaddi,1097139,https://www.transfermarkt.com/ayyoub-bouaddi/profil/spieler/1097139,Central Midfield,18,LOSC Lille,1082,https://www.transfermarkt.com/losc-lille/startseite/verein/1082,€50.00m,50000000,France,First Tier
Morocco,Morocco,24,Neil El Aynaoui,901019,https://www.transfermarkt.com/neil-el-aynaoui/profil/spieler/901019,Central Midfield,24,AS Roma,12,https://www.transfermarkt.com/as-rom/startseite/verein/12,€23.00m,23000000,Italy,First Tier
Morocco,Morocco,15,Samir El Mourabet,1130514,https://www.transfermarkt.com/samir-el-mourabet/profil/spieler/1130514,Central Midfield,20,RC Strasbourg Alsace,667,https://www.transfermarkt.com/rc-strassburg-alsace/startseite/verein/667,€22.00m,22000000,France,First Tier
Morocco,Morocco,8,Azzedine Ounahi,593482,https://www.transfermarkt.com/azzedine-ounahi/profil/spieler/593482,Central Midfield,26,Girona FC,12321,https://www.transfermarkt.com/fc-girona/startseite/verein/12321,€10.00m,10000000,Spain,First Tier
Morocco,Morocco,11,Ismael Saibari,702869,https://www.transfermarkt.com/ismael-saibari/profil/spieler/702869,Attacking Midfield,25,PSV Eindhoven,383,https://www.transfermarkt.com/psv-eindhoven/startseite/verein/383,€40.00m,40000000,Netherlands,First Tier
Morocco,Morocco,23,Bilal El Khannouss,654982,https://www.transfermarkt.com/bilal-el-khannouss/profil/spieler/654982,Attacking Midfield,22,VfB Stuttgart,79,https://www.transfermarkt.com/vfb-stuttgart/startseite/verein/79,€35.00m,35000000,Germany,First Tier
Morocco,Morocco,17,Abde Ezzalzouli,724520,https://www.transfermarkt.com/abde-ezzalzouli/profil/spieler/724520,Left Winger,24,Real Betis Balompié,150,https://www.transfermarkt.com/real-betis-sevilla/startseite/verein/150,€40.00m,40000000,Spain,First Tier
Morocco,Morocco,9,Soufiane Rahimi,598506,https://www.transfermarkt.com/soufiane-rahimi/profil/spieler/598506,Left Winger,30,Al-Ain FC,2150,https://www.transfermarkt.com/al-ain-fc/startseite/verein/2150,€6.00m,6000000,United Arab Emirates,First Tier
Morocco,Morocco,10,Brahim Díaz,314678,https://www.transfermarkt.com/brahim-diaz/profil/spieler/314678,Right Winger,26,Real Madrid,418,https://www.transfermarkt.com/real-madrid/startseite/verein/418,€35.00m,35000000,Spain,First Tier
Morocco,Morocco,7,Chemsdine Talbi,743384,https://www.transfermarkt.com/chemsdine-talbi/profil/spieler/743384,Right Winger,21,Sunderland AFC,289,https://www.transfermarkt.com/afc-sunderland/startseite/verein/289,€25.00m,25000000,England,First Tier
Morocco,Morocco,16,Gessime Yassine,1151929,https://www.transfermarkt.com/gessime-yassine/profil/spieler/1151929,Right Winger,20,RC Strasbourg Alsace,667,https://www.transfermarkt.com/rc-strassburg-alsace/startseite/verein/667,€12.00m,12000000,France,First Tier
Morocco,Morocco,21,Ayoube Amaimouni-Echghouyab,799993,https://www.transfermarkt.com/ayoube-amaimouni-echghouyab/profil/spieler/799993,Right Winger,21,Eintracht Frankfurt,24,https://www.transfermarkt.com/eintracht-frankfurt/startseite/verein/24,€10.00m,10000000,Germany,First Tier
Morocco,Morocco,20,Ayoub El Kaabi,521127,https://www.transfermarkt.com/ayoub-el-kaabi/profil/spieler/521127,Centre-Forward,32,Olympiacos Piraeus,683,https://www.transfermarkt.com/olympiakos-piraus/startseite/verein/683,€4.50m,4500000,Greece,First Tier
Netherlands,Netherlands,1,Bart Verbruggen,565093,https://www.transfermarkt.com/bart-verbruggen/profil/spieler/565093,Goalkeeper,23,Brighton & Hove Albion,1237,https://www.transfermarkt.com/brighton-amp-hove-albion/startseite/verein/1237,€40.00m,40000000,England,First Tier
Netherlands,Netherlands,13,Robin Roefs,646991,https://www.transfermarkt.com/robin-roefs/profil/spieler/646991,Goalkeeper,23,Sunderland AFC,289,https://www.transfermarkt.com/afc-sunderland/startseite/verein/289,€28.00m,28000000,England,First Tier
Netherlands,Netherlands,23,Mark Flekken,125714,https://www.transfermarkt.com/mark-flekken/profil/spieler/125714,Goalkeeper,32,Bayer 04 Leverkusen,15,https://www.transfermarkt.com/bayer-04-leverkusen/startseite/verein/15,€6.00m,6000000,Germany,First Tier
Netherlands,Netherlands,15,Micky van de Ven,557459,https://www.transfermarkt.com/micky-van-de-ven/profil/spieler/557459,Centre-Back,25,Tottenham Hotspur,148,https://www.transfermarkt.com/tottenham-hotspur/startseite/verein/148,€50.00m,50000000,England,First Tier
Netherlands,Netherlands,6,Jan Paul van Hecke,576314,https://www.transfermarkt.com/jan-paul-van-hecke/profil/spieler/576314,Centre-Back,25,Brighton & Hove Albion,1237,https://www.transfermarkt.com/brighton-amp-hove-albion/startseite/verein/1237,€45.00m,45000000,England,First Tier
Netherlands,Netherlands,4,Virgil van Dijk,139208,https://www.transfermarkt.com/virgil-van-dijk/profil/spieler/139208,Centre-Back,34,Liverpool FC,31,https://www.transfermarkt.com/fc-liverpool/startseite/verein/31,€15.00m,15000000,England,First Tier
Netherlands,Netherlands,5,Nathan Aké,177476,https://www.transfermarkt.com/nathan-ake/profil/spieler/177476,Centre-Back,31,Manchester City,281,https://www.transfermarkt.com/manchester-city/startseite/verein/281,€12.00m,12000000,England,First Tier
Netherlands,Netherlands,25,Jorrel Hato,904802,https://www.transfermarkt.com/jorrel-hato/profil/spieler/904802,Left-Back,20,Chelsea FC,631,https://www.transfermarkt.com/fc-chelsea/startseite/verein/631,€40.00m,40000000,England,First Tier
Netherlands,Netherlands,2,Jurriën Timber,420243,https://www.transfermarkt.com/jurrien-timber/profil/spieler/420243,Right-Back,24,Arsenal FC,11,https://www.transfermarkt.com/fc-arsenal/startseite/verein/11,€70.00m,70000000,England,First Tier
Netherlands,Netherlands,12,Mats Wieffer,415381,https://www.transfermarkt.com/mats-wieffer/profil/spieler/415381,Right-Back,26,Brighton & Hove Albion,1237,https://www.transfermarkt.com/brighton-amp-hove-albion/startseite/verein/1237,€25.00m,25000000,England,First Tier
Netherlands,Netherlands,22,Denzel Dumfries,321528,https://www.transfermarkt.com/denzel-dumfries/profil/spieler/321528,Right-Back,30,Inter Milan,46,https://www.transfermarkt.com/inter-mailand/startseite/verein/46,€25.00m,25000000,Italy,First Tier
Netherlands,Netherlands,8,Ryan Gravenberch,478573,https://www.transfermarkt.com/ryan-gravenberch/profil/spieler/478573,Defensive Midfield,24,Liverpool FC,31,https://www.transfermarkt.com/fc-liverpool/startseite/verein/31,€80.00m,80000000,England,First Tier
Netherlands,Netherlands,20,Teun Koopmeiners,360518,https://www.transfermarkt.com/teun-koopmeiners/profil/spieler/360518,Defensive Midfield,28,Juventus FC,506,https://www.transfermarkt.com/juventus-turin/startseite/verein/506,€14.00m,14000000,Italy,First Tier
Netherlands,Netherlands,3,Marten de Roon,133179,https://www.transfermarkt.com/marten-de-roon/profil/spieler/133179,Defensive Midfield,35,Atalanta BC,800,https://www.transfermarkt.com/atalanta-bergamo/startseite/verein/800,€3.20m,3200000,Italy,First Tier
Netherlands,Netherlands,14,Tijjani Reijnders,460939,https://www.transfermarkt.com/tijjani-reijnders/profil/spieler/460939,Central Midfield,27,Manchester City,281,https://www.transfermarkt.com/manchester-city/startseite/verein/281,€50.00m,50000000,England,First Tier
Netherlands,Netherlands,21,Frenkie de Jong,326330,https://www.transfermarkt.com/frenkie-de-jong/profil/spieler/326330,Central Midfield,29,FC Barcelona,131,https://www.transfermarkt.com/fc-barcelona/startseite/verein/131,€35.00m,35000000,Spain,First Tier
Netherlands,Netherlands,26,Quinten Timber,420213,https://www.transfermarkt.com/quinten-timber/profil/spieler/420213,Central Midfield,24,Olympique Marseille,244,https://www.transfermarkt.com/olympique-marseille/startseite/verein/244,€25.00m,25000000,France,First Tier
Netherlands,Netherlands,7,Justin Kluivert,330659,https://www.transfermarkt.com/justin-kluivert/profil/spieler/330659,Attacking Midfield,27,AFC Bournemouth,989,https://www.transfermarkt.com/afc-bournemouth/startseite/verein/989,€25.00m,25000000,England,First Tier
Netherlands,Netherlands,16,Guus Til,372267,https://www.transfermarkt.com/guus-til/profil/spieler/372267,Attacking Midfield,28,PSV Eindhoven,383,https://www.transfermarkt.com/psv-eindhoven/startseite/verein/383,€15.00m,15000000,Netherlands,First Tier
Netherlands,Netherlands,11,Cody Gakpo,434675,https://www.transfermarkt.com/cody-gakpo/profil/spieler/434675,Left Winger,27,Liverpool FC,31,https://www.transfermarkt.com/fc-liverpool/startseite/verein/31,€60.00m,60000000,England,First Tier
Netherlands,Netherlands,24,Crysencio Summerville,474701,https://www.transfermarkt.com/crysencio-summerville/profil/spieler/474701,Left Winger,24,West Ham United,379,https://www.transfermarkt.com/west-ham-united/startseite/verein/379,€35.00m,35000000,England,First Tier
Netherlands,Netherlands,17,Noa Lang,339332,https://www.transfermarkt.com/noa-lang/profil/spieler/339332,Left Winger,26,Galatasaray,141,https://www.transfermarkt.com/galatasaray-istanbul/startseite/verein/141,€22.00m,22000000,Türkiye,First Tier
Netherlands,Netherlands,18,Donyell Malen,326029,https://www.transfermarkt.com/donyell-malen/profil/spieler/326029,Centre-Forward,27,AS Roma,12,https://www.transfermarkt.com/as-rom/startseite/verein/12,€45.00m,45000000,Italy,First Tier
Netherlands,Netherlands,19,Brian Brobbey,473169,https://www.transfermarkt.com/brian-brobbey/profil/spieler/473169,Centre-Forward,24,Sunderland AFC,289,https://www.transfermarkt.com/afc-sunderland/startseite/verein/289,€30.00m,30000000,England,First Tier
Netherlands,Netherlands,10,Memphis Depay,167850,https://www.transfermarkt.com/memphis-depay/profil/spieler/167850,Centre-Forward,32,Sport Club Corinthians Paulista,199,https://www.transfermarkt.com/corinthians-sao-paulo/startseite/verein/199,€7.00m,7000000,Brazil,First Tier
Netherlands,Netherlands,9,Wout Weghorst,228645,https://www.transfermarkt.com/wout-weghorst/profil/spieler/228645,Centre-Forward,33,Ajax Amsterdam,610,https://www.transfermarkt.com/ajax-amsterdam/startseite/verein/610,€2.00m,2000000,Netherlands,First Tier
New Zealand,New Zealand,1,Max Crocombe,207843,https://www.transfermarkt.com/max-crocombe/profil/spieler/207843,Goalkeeper,32,Millwall FC,1028,https://www.transfermarkt.com/fc-millwall/startseite/verein/1028,€1.00m,1000000,England,Second Tier
New Zealand,New Zealand,12,Alex Paulsen,617009,https://www.transfermarkt.com/alex-paulsen/profil/spieler/617009,Goalkeeper,23,Lechia Gdansk,4000,https://www.transfermarkt.com/lechia-gdansk/startseite/verein/4000,€500k,500000,Poland,First Tier
New Zealand,New Zealand,22,Michael Woud,350347,https://www.transfermarkt.com/michael-woud/profil/spieler/350347,Goalkeeper,27,Auckland FC,118373,https://www.transfermarkt.com/auckland-fc/startseite/verein/118373,€400k,400000,Australia,First Tier
New Zealand,New Zealand,4,Tyler Bindon,1007720,https://www.transfermarkt.com/tyler-bindon/profil/spieler/1007720,Centre-Back,21,Sheffield United,350,https://www.transfermarkt.com/sheffield-united/startseite/verein/350,€3.50m,3500000,England,Second Tier
New Zealand,New Zealand,16,Finn Surman,724809,https://www.transfermarkt.com/finn-surman/profil/spieler/724809,Centre-Back,22,Portland Timbers,4291,https://www.transfermarkt.com/portland-timbers/startseite/verein/4291,€1.80m,1800000,United States,First Tier
New Zealand,New Zealand,15,Nando Pijnaker,455425,https://www.transfermarkt.com/nando-pijnaker/profil/spieler/455425,Centre-Back,27,Auckland FC,118373,https://www.transfermarkt.com/auckland-fc/startseite/verein/118373,€400k,400000,Australia,First Tier
New Zealand,New Zealand,5,Michael Boxall,81723,https://www.transfermarkt.com/michael-boxall/profil/spieler/81723,Centre-Back,37,Minnesota United FC,56089,https://www.transfermarkt.com/minnesota-united-fc/startseite/verein/56089,€150k,150000,United States,First Tier
New Zealand,New Zealand,26,Tommy Smith,54381,https://www.transfermarkt.com/tommy-smith/profil/spieler/54381,Centre-Back,36,Braintree Town,6340,https://www.transfermarkt.com/braintree-town/startseite/verein/6340,€50k,50000,England,Fifth Tier
New Zealand,New Zealand,13,Liberato Cacace,469211,https://www.transfermarkt.com/liberato-cacace/profil/spieler/469211,Left-Back,25,Wrexham AFC,1112,https://www.transfermarkt.com/afc-wrexham/startseite/verein/1112,€2.50m,2500000,England,Second Tier
New Zealand,New Zealand,19,Ben Old,617021,https://www.transfermarkt.com/ben-old/profil/spieler/617021,Left-Back,23,AS Saint-Étienne,618,https://www.transfermarkt.com/as-saint-etienne/startseite/verein/618,€1.80m,1800000,France,Second Tier
New Zealand,New Zealand,3,Francis de Vries,207061,https://www.transfermarkt.com/francis-de-vries/profil/spieler/207061,Left-Back,31,Auckland FC,118373,https://www.transfermarkt.com/auckland-fc/startseite/verein/118373,€600k,600000,Australia,First Tier
New Zealand,New Zealand,24,Callan Elliot,482204,https://www.transfermarkt.com/callan-elliot/profil/spieler/482204,Right-Back,26,Auckland FC,118373,https://www.transfermarkt.com/auckland-fc/startseite/verein/118373,€450k,450000,Australia,First Tier
New Zealand,New Zealand,2,Tim Payne,149901,https://www.transfermarkt.com/tim-payne/profil/spieler/149901,Right-Back,32,Wellington Phoenix,8445,https://www.transfermarkt.com/wellington-phoenix/startseite/verein/8445,€350k,350000,Australia,First Tier
New Zealand,New Zealand,6,Joe Bell,345700,https://www.transfermarkt.com/joe-bell/profil/spieler/345700,Defensive Midfield,27,Viking FK,239,https://www.transfermarkt.com/viking-stavanger/startseite/verein/239,€3.50m,3500000,Norway,First Tier
New Zealand,New Zealand,23,Ryan Thomas,203357,https://www.transfermarkt.com/ryan-thomas/profil/spieler/203357,Defensive Midfield,31,PEC Zwolle,1269,https://www.transfermarkt.com/pec-zwolle/startseite/verein/1269,€650k,650000,Netherlands,First Tier
New Zealand,New Zealand,14,Alex Rufer,256019,https://www.transfermarkt.com/alex-rufer/profil/spieler/256019,Defensive Midfield,29,Wellington Phoenix,8445,https://www.transfermarkt.com/wellington-phoenix/startseite/verein/8445,€600k,600000,Australia,First Tier
New Zealand,New Zealand,8,Marko Stamenić,617018,https://www.transfermarkt.com/marko-stamenic/profil/spieler/617018,Central Midfield,24,Swansea City,2288,https://www.transfermarkt.com/swansea-city/startseite/verein/2288,€3.00m,3000000,England,Second Tier
New Zealand,New Zealand,25,Lachlan Bayliss,1109358,https://www.transfermarkt.com/lachlan-bayliss/profil/spieler/1109358,Central Midfield,23,Newcastle United Jets,5551,https://www.transfermarkt.com/newcastle-united-jets/startseite/verein/5551,€550k,550000,Australia,First Tier
New Zealand,New Zealand,7,Matthew Garbett,617019,https://www.transfermarkt.com/matthew-garbett/profil/spieler/617019,Central Midfield,24,Peterborough United,1072,https://www.transfermarkt.com/peterborough-united/startseite/verein/1072,€450k,450000,England,Third Tier
New Zealand,New Zealand,20,Callum McCowatt,400797,https://www.transfermarkt.com/callum-mccowatt/profil/spieler/400797,Attacking Midfield,27,Silkeborg IF,1177,https://www.transfermarkt.com/silkeborg-if/startseite/verein/1177,€2.50m,2500000,Denmark,First Tier
New Zealand,New Zealand,10,Sarpreet Singh,350357,https://www.transfermarkt.com/sarpreet-singh/profil/spieler/350357,Attacking Midfield,27,Wellington Phoenix,8445,https://www.transfermarkt.com/wellington-phoenix/startseite/verein/8445,€500k,500000,Australia,First Tier
New Zealand,New Zealand,21,Jesse Randall,677509,https://www.transfermarkt.com/jesse-randall/profil/spieler/677509,Left Winger,23,Auckland FC,118373,https://www.transfermarkt.com/auckland-fc/startseite/verein/118373,€900k,900000,Australia,First Tier
New Zealand,New Zealand,11,Elijah Just,485672,https://www.transfermarkt.com/elijah-just/profil/spieler/485672,Right Winger,26,Motherwell FC,987,https://www.transfermarkt.com/motherwell-fc/startseite/verein/987,€2.50m,2500000,Scotland,First Tier
New Zealand,New Zealand,9,Chris Wood,108725,https://www.transfermarkt.com/chris-wood/profil/spieler/108725,Centre-Forward,34,Nottingham Forest,703,https://www.transfermarkt.com/nottingham-forest/startseite/verein/703,€5.00m,5000000,England,First Tier
New Zealand,New Zealand,18,Ben Waine,539502,https://www.transfermarkt.com/ben-waine/profil/spieler/539502,Centre-Forward,24,Port Vale FC,1211,https://www.transfermarkt.com/fc-port-vale/startseite/verein/1211,€400k,400000,England,Third Tier
New Zealand,New Zealand,17,Kosta Barbarouses,50200,https://www.transfermarkt.com/kosta-barbarouses/profil/spieler/50200,Centre-Forward,36,Western Sydney Wanderers,36100,https://www.transfermarkt.com/western-sydney-wanderers/startseite/verein/36100,€300k,300000,Australia,First Tier
Norway,Norway,12,Sander Tangvik,549378,https://www.transfermarkt.com/sander-tangvik/profil/spieler/549378,Goalkeeper,23,Hamburger SV,41,https://www.transfermarkt.com/hamburger-sv/startseite/verein/41,€3.00m,3000000,Germany,First Tier
Norway,Norway,13,Egil Selvik,380744,https://www.transfermarkt.com/egil-selvik/profil/spieler/380744,Goalkeeper,28,Watford FC,1010,https://www.transfermarkt.com/fc-watford/startseite/verein/1010,€1.50m,1500000,England,Second Tier
Norway,Norway,1,Ørjan Nyland,73517,https://www.transfermarkt.com/orjan-nyland/profil/spieler/73517,Goalkeeper,35,Sevilla FC,368,https://www.transfermarkt.com/fc-sevilla/startseite/verein/368,€800k,800000,Spain,First Tier
Norway,Norway,3,Kristoffer Ajer,328658,https://www.transfermarkt.com/kristoffer-ajer/profil/spieler/328658,Centre-Back,28,Brentford FC,1148,https://www.transfermarkt.com/fc-brentford/startseite/verein/1148,€18.00m,18000000,England,First Tier
Norway,Norway,4,Leo Østigård,367284,https://www.transfermarkt.com/leo-ostigard/profil/spieler/367284,Centre-Back,26,Genoa CFC,252,https://www.transfermarkt.com/genua-cfc/startseite/verein/252,€13.00m,13000000,Italy,First Tier
Norway,Norway,17,Torbjørn Heggem,464469,https://www.transfermarkt.com/torbjorn-heggem/profil/spieler/464469,Centre-Back,27,Bologna FC 1909,1025,https://www.transfermarkt.com/fc-bologna/startseite/verein/1025,€13.00m,13000000,Italy,First Tier
Norway,Norway,25,Henrik Falchener,743088,https://www.transfermarkt.com/henrik-falchener/profil/spieler/743088,Centre-Back,23,Viking FK,239,https://www.transfermarkt.com/viking-stavanger/startseite/verein/239,€6.00m,6000000,Norway,First Tier
Norway,Norway,24,Sondre Langås,737837,https://www.transfermarkt.com/sondre-langas/profil/spieler/737837,Centre-Back,25,Derby County,22,https://www.transfermarkt.com/derby-county/startseite/verein/22,€4.00m,4000000,England,Second Tier
Norway,Norway,5,David Møller Wolfe,661427,https://www.transfermarkt.com/david-moller-wolfe/profil/spieler/661427,Left-Back,24,Wolverhampton Wanderers,543,https://www.transfermarkt.com/wolverhampton-wanderers/startseite/verein/543,€8.00m,8000000,England,First Tier
Norway,Norway,15,Fredrik Bjørkan,364938,https://www.transfermarkt.com/fredrik-bjorkan/profil/spieler/364938,Left-Back,27,FK Bodø/Glimt,501,https://www.transfermarkt.com/fk-bodo-glimt/startseite/verein/501,€3.50m,3500000,Norway,First Tier
Norway,Norway,26,Julian Ryerson,370789,https://www.transfermarkt.com/julian-ryerson/profil/spieler/370789,Right-Back,28,Borussia Dortmund,16,https://www.transfermarkt.com/borussia-dortmund/startseite/verein/16,€25.00m,25000000,Germany,First Tier
Norway,Norway,16,Marcus Pedersen,583404,https://www.transfermarkt.com/marcus-pedersen/profil/spieler/583404,Right-Back,25,Torino FC,416,https://www.transfermarkt.com/fc-turin/startseite/verein/416,€3.50m,3500000,Italy,First Tier
Norway,Norway,8,Sander Berge,333014,https://www.transfermarkt.com/sander-berge/profil/spieler/333014,Defensive Midfield,28,Fulham FC,931,https://www.transfermarkt.com/fc-fulham/startseite/verein/931,€25.00m,25000000,England,First Tier
Norway,Norway,6,Patrick Berg,308439,https://www.transfermarkt.com/patrick-berg/profil/spieler/308439,Defensive Midfield,28,FK Bodø/Glimt,501,https://www.transfermarkt.com/fk-bodo-glimt/startseite/verein/501,€8.00m,8000000,Norway,First Tier
Norway,Norway,14,Fredrik Aursnes,223367,https://www.transfermarkt.com/fredrik-aursnes/profil/spieler/223367,Central Midfield,30,SL Benfica,294,https://www.transfermarkt.com/benfica-lissabon/startseite/verein/294,€15.00m,15000000,Portugal,First Tier
Norway,Norway,18,Kristian Thorstvedt,564785,https://www.transfermarkt.com/kristian-thorstvedt/profil/spieler/564785,Central Midfield,27,US Sassuolo,6574,https://www.transfermarkt.com/us-sassuolo/startseite/verein/6574,€12.00m,12000000,Italy,First Tier
Norway,Norway,2,Morten Thorsby,226524,https://www.transfermarkt.com/morten-thorsby/profil/spieler/226524,Central Midfield,30,US Cremonese,2239,https://www.transfermarkt.com/us-cremonese/startseite/verein/2239,€2.80m,2800000,Italy,First Tier
Norway,Norway,10,Martin Ødegaard,316264,https://www.transfermarkt.com/martin-odegaard/profil/spieler/316264,Attacking Midfield,27,Arsenal FC,11,https://www.transfermarkt.com/fc-arsenal/startseite/verein/11,€65.00m,65000000,England,First Tier
Norway,Norway,19,Thelo Aasgaard,647384,https://www.transfermarkt.com/thelo-aasgaard/profil/spieler/647384,Attacking Midfield,24,Rangers FC,124,https://www.transfermarkt.com/glasgow-rangers/startseite/verein/124,€2.80m,2800000,Scotland,First Tier
Norway,Norway,20,Antonio Nusa,894914,https://www.transfermarkt.com/antonio-nusa/profil/spieler/894914,Left Winger,21,RB Leipzig,23826,https://www.transfermarkt.com/rasenballsport-leipzig/startseite/verein/23826,€32.00m,32000000,Germany,First Tier
Norway,Norway,21,Andreas Schjelderup,670103,https://www.transfermarkt.com/andreas-schjelderup/profil/spieler/670103,Left Winger,22,SL Benfica,294,https://www.transfermarkt.com/benfica-lissabon/startseite/verein/294,€30.00m,30000000,Portugal,First Tier
Norway,Norway,23,Jens Petter Hauge,422355,https://www.transfermarkt.com/jens-petter-hauge/profil/spieler/422355,Left Winger,26,FK Bodø/Glimt,501,https://www.transfermarkt.com/fk-bodo-glimt/startseite/verein/501,€12.00m,12000000,Norway,First Tier
Norway,Norway,22,Oscar Bobb,661207,https://www.transfermarkt.com/oscar-bobb/profil/spieler/661207,Right Winger,22,Fulham FC,931,https://www.transfermarkt.com/fc-fulham/startseite/verein/931,€28.00m,28000000,England,First Tier
Norway,Norway,9,Erling Haaland,418560,https://www.transfermarkt.com/erling-haaland/profil/spieler/418560,Centre-Forward,25,Manchester City,281,https://www.transfermarkt.com/manchester-city/startseite/verein/281,€200.00m,200000000,England,First Tier
Norway,Norway,11,Jørgen Strand Larsen,429983,https://www.transfermarkt.com/jorgen-strand-larsen/profil/spieler/429983,Centre-Forward,26,Crystal Palace,873,https://www.transfermarkt.com/crystal-palace/startseite/verein/873,€40.00m,40000000,England,First Tier
Norway,Norway,7,Alexander Sørloth,238407,https://www.transfermarkt.com/alexander-sorloth/profil/spieler/238407,Centre-Forward,30,Atlético de Madrid,13,https://www.transfermarkt.com/atletico-madrid/startseite/verein/13,€18.00m,18000000,Spain,First Tier
Panama,Panama,22,Orlando Mosquera,402979,https://www.transfermarkt.com/orlando-mosquera/profil/spieler/402979,Goalkeeper,31,Al-Fayha FC,50531,https://www.transfermarkt.com/al-fayha-fc/startseite/verein/50531,€700k,700000,Saudi Arabia,First Tier
Panama,Panama,12,César Samudio,865550,https://www.transfermarkt.com/cesar-samudio/profil/spieler/865550,Goalkeeper,32,CD Marathón,4523,https://www.transfermarkt.com/cd-marathon/startseite/verein/4523,€250k,250000,Honduras,First Tier
Panama,Panama,1,Luis Mejía,76715,https://www.transfermarkt.com/luis-mejia/profil/spieler/76715,Goalkeeper,35,Club Nacional,866,https://www.transfermarkt.com/club-nacional/startseite/verein/866,€150k,150000,Uruguay,First Tier
Panama,Panama,3,José Córdoba,698415,https://www.transfermarkt.com/jose-cordoba/profil/spieler/698415,Centre-Back,25,Norwich City,1123,https://www.transfermarkt.com/norwich-city/startseite/verein/1123,€5.00m,5000000,England,Second Tier
Panama,Panama,16,Andrés Andrade,403808,https://www.transfermarkt.com/andres-andrade/profil/spieler/403808,Centre-Back,27,LASK,413,https://www.transfermarkt.com/lask/startseite/verein/413,€2.50m,2500000,Austria,First Tier
Panama,Panama,5,Edgardo Fariña,923177,https://www.transfermarkt.com/edgardo-farina/profil/spieler/923177,Centre-Back,24,FC Pari Nizhniy Novgorod,49702,https://www.transfermarkt.com/fk-nizhny-novgorod/startseite/verein/49702,€900k,900000,Russia,First Tier
Panama,Panama,13,Jiovany Ramos,403809,https://www.transfermarkt.com/jiovany-ramos/profil/spieler/403809,Centre-Back,29,Academia Puerto Cabello,45193,https://www.transfermarkt.com/academia-puerto-cabello/startseite/verein/45193,€450k,450000,Venezuela,First Tier
Panama,Panama,4,Fidel Escobar,345716,https://www.transfermarkt.com/fidel-escobar/profil/spieler/345716,Centre-Back,31,Deportivo Saprissa,4720,https://www.transfermarkt.com/deportivo-saprissa/startseite/verein/4720,€350k,350000,Costa Rica,First Tier
Panama,Panama,25,Roderick Miller,157154,https://www.transfermarkt.com/roderick-miller/profil/spieler/157154,Centre-Back,34,Turan-Tovuz IK,9526,https://www.transfermarkt.com/turan-tovuz/startseite/verein/9526,€175k,175000,Azerbaijan,First Tier
Panama,Panama,26,Jorge Gutiérrez,443379,https://www.transfermarkt.com/jorge-gutierrez/profil/spieler/443379,Left-Back,27,Deportivo La Guaira,26468,https://www.transfermarkt.com/deportivo-la-guaira/startseite/verein/26468,€800k,800000,Venezuela,First Tier
Panama,Panama,15,Éric Davis,121791,https://www.transfermarkt.com/eric-davis/profil/spieler/121791,Left-Back,35,CD Plaza Amador,20960,https://www.transfermarkt.com/cd-plaza-amador/startseite/verein/20960,€50k,50000,Panama,First Tier
Panama,Panama,23,Amir Murillo,354482,https://www.transfermarkt.com/amir-murillo/profil/spieler/354482,Right-Back,30,Besiktas JK,114,https://www.transfermarkt.com/besiktas-istanbul/startseite/verein/114,€7.00m,7000000,Türkiye,First Tier
Panama,Panama,2,César Blackman,440383,https://www.transfermarkt.com/cesar-blackman/profil/spieler/440383,Right-Back,28,Slovan Bratislava,540,https://www.transfermarkt.com/slovan-bratislava/startseite/verein/540,€2.50m,2500000,Slovakia,First Tier
Panama,Panama,6,Cristian Martínez,419247,https://www.transfermarkt.com/cristian-martinez/profil/spieler/419247,Defensive Midfield,29,Ironi Kiryat Shmona,6028,https://www.transfermarkt.com/ironi-kiryat-shmona/startseite/verein/6028,€800k,800000,Israel,First Tier
Panama,Panama,14,Carlos Harvey,628806,https://www.transfermarkt.com/carlos-harvey/profil/spieler/628806,Defensive Midfield,26,Minnesota United FC,56089,https://www.transfermarkt.com/minnesota-united-fc/startseite/verein/56089,€600k,600000,United States,First Tier
Panama,Panama,20,Aníbal Godoy,161671,https://www.transfermarkt.com/anibal-godoy/profil/spieler/161671,Defensive Midfield,36,San Diego FC,114977,https://www.transfermarkt.com/san-diego-fc/startseite/verein/114977,€100k,100000,United States,First Tier
Panama,Panama,8,Adalberto Carrasquilla,375300,https://www.transfermarkt.com/adalberto-carrasquilla/profil/spieler/375300,Central Midfield,27,UNAM Pumas,7633,https://www.transfermarkt.com/unam-pumas/startseite/verein/7633,€4.00m,4000000,Mexico,First Tier
Panama,Panama,7,José Luis Rodríguez,425028,https://www.transfermarkt.com/jose-luis-rodriguez/profil/spieler/425028,Left Winger,27,FC Juárez,49283,https://www.transfermarkt.com/fc-juarez/startseite/verein/49283,€2.50m,2500000,Mexico,First Tier
Panama,Panama,10,Ismael Díaz,243298,https://www.transfermarkt.com/ismael-diaz/profil/spieler/243298,Left Winger,29,Club León FC,4941,https://www.transfermarkt.com/club-leon-fc/startseite/verein/4941,€1.80m,1800000,Mexico,First Tier
Panama,Panama,11,Yoel Bárcenas,283473,https://www.transfermarkt.com/yoel-barcenas/profil/spieler/283473,Right Winger,32,Mazatlán FC,82696,https://www.transfermarkt.com/mazatlan-fc/startseite/verein/82696,€650k,650000,Mexico,First Tier
Panama,Panama,21,César Yanis,741098,https://www.transfermarkt.com/cesar-yanis/profil/spieler/741098,Right Winger,30,CD Cobresal,17482,https://www.transfermarkt.com/cd-cobresal/startseite/verein/17482,€400k,400000,Chile,First Tier
Panama,Panama,19,Alberto Quintero,126019,https://www.transfermarkt.com/alberto-quintero/profil/spieler/126019,Right Winger,38,CD Plaza Amador,20960,https://www.transfermarkt.com/cd-plaza-amador/startseite/verein/20960,€75k,75000,Panama,First Tier
Panama,Panama,9,Tomás Rodríguez,569205,https://www.transfermarkt.com/tomas-rodriguez/profil/spieler/569205,Centre-Forward,27,Deportivo Saprissa,4720,https://www.transfermarkt.com/deportivo-saprissa/startseite/verein/4720,€1.00m,1000000,Costa Rica,First Tier
Panama,Panama,24,Azarías Londoño,860998,https://www.transfermarkt.com/azarias-londono/profil/spieler/860998,Centre-Forward,24,CD Universidad Católica,17584,https://www.transfermarkt.com/cd-universidad-catolica/startseite/verein/17584,€1.00m,1000000,Ecuador,First Tier
Panama,Panama,17,José Fajardo,546803,https://www.transfermarkt.com/jose-fajardo/profil/spieler/546803,Centre-Forward,32,CD Universidad Católica,17584,https://www.transfermarkt.com/cd-universidad-catolica/startseite/verein/17584,€550k,550000,Ecuador,First Tier
Panama,Panama,18,Cecilio Waterman,177064,https://www.transfermarkt.com/cecilio-waterman/profil/spieler/177064,Centre-Forward,35,Universidad de Concepción,5622,https://www.transfermarkt.com/universidad-concepcion/startseite/verein/5622,€250k,250000,Chile,First Tier
Paraguay,Paraguay,12,Orlando Gill,643259,https://www.transfermarkt.com/orlando-gill/profil/spieler/643259,Goalkeeper,25,CA San Lorenzo de Almagro,1775,https://www.transfermarkt.com/club-atletico-san-lorenzo-de-almagro/startseite/verein/1775,€6.00m,6000000,Argentina,First Tier
Paraguay,Paraguay,22,Gastón Olveira,301722,https://www.transfermarkt.com/gaston-olveira/profil/spieler/301722,Goalkeeper,33,Olimpia Asunción,629,https://www.transfermarkt.com/olimpia-asuncion/startseite/verein/629,€500k,500000,Paraguay,First Tier
Paraguay,Paraguay,1,Roberto Fernández,107318,https://www.transfermarkt.com/roberto-fernandez/profil/spieler/107318,Goalkeeper,38,Club Cerro Porteño,1214,https://www.transfermarkt.com/club-cerro-porteno/startseite/verein/1214,€100k,100000,Paraguay,First Tier
Paraguay,Paraguay,3,Omar Alderete,353032,https://www.transfermarkt.com/omar-alderete/profil/spieler/353032,Centre-Back,29,Sunderland AFC,289,https://www.transfermarkt.com/afc-sunderland/startseite/verein/289,€13.00m,13000000,England,First Tier
Paraguay,Paraguay,15,Gustavo Gómez,215390,https://www.transfermarkt.com/gustavo-gomez/profil/spieler/215390,Centre-Back,33,Sociedade Esportiva Palmeiras,1023,https://www.transfermarkt.com/se-palmeiras-sao-paulo/startseite/verein/1023,€3.50m,3500000,Brazil,First Tier
Paraguay,Paraguay,13,José Canale,402627,https://www.transfermarkt.com/jose-canale/profil/spieler/402627,Centre-Back,29,CA Lanús,333,https://www.transfermarkt.com/club-atletico-lanus/startseite/verein/333,€2.20m,2200000,Argentina,First Tier
Paraguay,Paraguay,6,Júnior Alonso,273000,https://www.transfermarkt.com/junior-alonso/profil/spieler/273000,Centre-Back,33,Clube Atlético Mineiro,330,https://www.transfermarkt.com/clube-atletico-mineiro/startseite/verein/330,€1.50m,1500000,Brazil,First Tier
Paraguay,Paraguay,5,Fabián Balbuena,285548,https://www.transfermarkt.com/fabian-balbuena/profil/spieler/285548,Centre-Back,34,Grêmio Foot-Ball Porto Alegrense,210,https://www.transfermarkt.com/gremio-porto-alegre/startseite/verein/210,€900k,900000,Brazil,First Tier
Paraguay,Paraguay,2,Gustavo Velázquez,389399,https://www.transfermarkt.com/gustavo-velazquez/profil/spieler/389399,Centre-Back,35,Club Cerro Porteño,1214,https://www.transfermarkt.com/club-cerro-porteno/startseite/verein/1214,€400k,400000,Paraguay,First Tier
Paraguay,Paraguay,26,Alexandro Maidana,1371519,https://www.transfermarkt.com/alexandro-maidana/profil/spieler/1371519,Left-Back,20,CA Talleres,3938,https://www.transfermarkt.com/club-atletico-talleres/startseite/verein/3938,€2.50m,2500000,Argentina,First Tier
Paraguay,Paraguay,4,Juan José Cáceres,756494,https://www.transfermarkt.com/juan-jose-caceres/profil/spieler/756494,Right-Back,26,Dynamo Moscow,121,https://www.transfermarkt.com/dinamo-moskau/startseite/verein/121,€5.00m,5000000,Russia,First Tier
Paraguay,Paraguay,14,Andrés Cubas,323872,https://www.transfermarkt.com/andres-cubas/profil/spieler/323872,Defensive Midfield,30,Vancouver Whitecaps FC,6321,https://www.transfermarkt.com/vancouver-whitecaps-fc/startseite/verein/6321,€4.50m,4500000,United States,First Tier
Paraguay,Paraguay,20,Braian Ojeda,491596,https://www.transfermarkt.com/braian-ojeda/profil/spieler/491596,Defensive Midfield,25,Orlando City SC,45604,https://www.transfermarkt.com/orlando-city-sc/startseite/verein/45604,€3.50m,3500000,United States,First Tier
Paraguay,Paraguay,8,Diego Gómez,996897,https://www.transfermarkt.com/diego-gomez/profil/spieler/996897,Central Midfield,23,Brighton & Hove Albion,1237,https://www.transfermarkt.com/brighton-amp-hove-albion/startseite/verein/1237,€25.00m,25000000,England,First Tier
Paraguay,Paraguay,16,Damián Bobadilla,861852,https://www.transfermarkt.com/damian-bobadilla/profil/spieler/861852,Central Midfield,24,São Paulo Futebol Clube,585,https://www.transfermarkt.com/fc-sao-paulo/startseite/verein/585,€6.00m,6000000,Brazil,First Tier
Paraguay,Paraguay,23,Matías Galarza,661269,https://www.transfermarkt.com/matias-galarza/profil/spieler/661269,Central Midfield,24,Atlanta United FC,51663,https://www.transfermarkt.com/atlanta-united-fc/startseite/verein/51663,€3.00m,3000000,United States,First Tier
Paraguay,Paraguay,19,Julio Enciso,660867,https://www.transfermarkt.com/julio-enciso/profil/spieler/660867,Attacking Midfield,22,RC Strasbourg Alsace,667,https://www.transfermarkt.com/rc-strassburg-alsace/startseite/verein/667,€25.00m,25000000,France,First Tier
Paraguay,Paraguay,11,Mauricio,678439,https://www.transfermarkt.com/mauricio/profil/spieler/678439,Attacking Midfield,24,Sociedade Esportiva Palmeiras,1023,https://www.transfermarkt.com/se-palmeiras-sao-paulo/startseite/verein/1023,€15.00m,15000000,Brazil,First Tier
Paraguay,Paraguay,17,Kaku,355817,https://www.transfermarkt.com/kaku/profil/spieler/355817,Attacking Midfield,31,Al-Ain FC,2150,https://www.transfermarkt.com/al-ain-fc/startseite/verein/2150,€4.50m,4500000,United Arab Emirates,First Tier
Paraguay,Paraguay,24,Gustavo Caballero,891672,https://www.transfermarkt.com/gustavo-caballero/profil/spieler/891672,Left Winger,24,Portsmouth FC,1020,https://www.transfermarkt.com/fc-portsmouth/startseite/verein/1020,€1.00m,1000000,England,Second Tier
Paraguay,Paraguay,10,Miguel Almirón,272999,https://www.transfermarkt.com/miguel-almiron/profil/spieler/272999,Right Winger,32,Atlanta United FC,51663,https://www.transfermarkt.com/atlanta-united-fc/startseite/verein/51663,€7.00m,7000000,United States,First Tier
Paraguay,Paraguay,7,Ramón Sosa,745191,https://www.transfermarkt.com/ramon-sosa/profil/spieler/745191,Second Striker,26,Sociedade Esportiva Palmeiras,1023,https://www.transfermarkt.com/se-palmeiras-sao-paulo/startseite/verein/1023,€10.00m,10000000,Brazil,First Tier
Paraguay,Paraguay,25,Isidro Pitta,675178,https://www.transfermarkt.com/isidro-pitta/profil/spieler/675178,Centre-Forward,26,Red Bull Bragantino,8793,https://www.transfermarkt.com/red-bull-bragantino/startseite/verein/8793,€7.50m,7500000,Brazil,First Tier
Paraguay,Paraguay,18,Álex Arce,970518,https://www.transfermarkt.com/alex-arce/profil/spieler/970518,Centre-Forward,30,CS Independiente Rivadavia,12179,https://www.transfermarkt.com/independiente-rivadavia/startseite/verein/12179,€3.50m,3500000,Argentina,First Tier
Paraguay,Paraguay,9,Antonio Sanabria,234523,https://www.transfermarkt.com/antonio-sanabria/profil/spieler/234523,Centre-Forward,30,US Cremonese,2239,https://www.transfermarkt.com/us-cremonese/startseite/verein/2239,€1.80m,1800000,Italy,First Tier
Paraguay,Paraguay,21,Gabriel Ávalos,358418,https://www.transfermarkt.com/gabriel-avalos/profil/spieler/358418,Centre-Forward,35,CA Independiente,1234,https://www.transfermarkt.com/club-atletico-independiente/startseite/verein/1234,€750k,750000,Argentina,First Tier
Portugal,Portugal,1,Diogo Costa,357153,https://www.transfermarkt.com/diogo-costa/profil/spieler/357153,Goalkeeper,26,FC Porto,720,https://www.transfermarkt.com/fc-porto/startseite/verein/720,€40.00m,40000000,Portugal,First Tier
Portugal,Portugal,22,Rui Silva,234811,https://www.transfermarkt.com/rui-silva/profil/spieler/234811,Goalkeeper,32,Sporting CP,336,https://www.transfermarkt.com/sporting-lissabon/startseite/verein/336,€7.00m,7000000,Portugal,First Tier
Portugal,Portugal,12,José Sá,249994,https://www.transfermarkt.com/jose-sa/profil/spieler/249994,Goalkeeper,33,Wolverhampton Wanderers,543,https://www.transfermarkt.com/wolverhampton-wanderers/startseite/verein/543,€3.50m,3500000,England,First Tier
Portugal,Portugal,3,Rúben Dias,258004,https://www.transfermarkt.com/ruben-dias/profil/spieler/258004,Centre-Back,29,Manchester City,281,https://www.transfermarkt.com/manchester-city/startseite/verein/281,€55.00m,55000000,England,First Tier
Portugal,Portugal,14,Gonçalo Inácio,549006,https://www.transfermarkt.com/goncalo-inacio/profil/spieler/549006,Centre-Back,24,Sporting CP,336,https://www.transfermarkt.com/sporting-lissabon/startseite/verein/336,€40.00m,40000000,Portugal,First Tier
Portugal,Portugal,4,Tomás Araújo,504087,https://www.transfermarkt.com/tomas-araujo/profil/spieler/504087,Centre-Back,24,SL Benfica,294,https://www.transfermarkt.com/benfica-lissabon/startseite/verein/294,€30.00m,30000000,Portugal,First Tier
Portugal,Portugal,13,Renato Veiga,805714,https://www.transfermarkt.com/renato-veiga/profil/spieler/805714,Centre-Back,22,Villarreal CF,1050,https://www.transfermarkt.com/fc-villarreal/startseite/verein/1050,€25.00m,25000000,Spain,First Tier
Portugal,Portugal,25,Nuno Mendes,616341,https://www.transfermarkt.com/nuno-mendes/profil/spieler/616341,Left-Back,23,Paris Saint-Germain,583,https://www.transfermarkt.com/fc-paris-saint-germain/startseite/verein/583,€80.00m,80000000,France,First Tier
Portugal,Portugal,6,Matheus Nunes,601883,https://www.transfermarkt.com/matheus-nunes/profil/spieler/601883,Right-Back,27,Manchester City,281,https://www.transfermarkt.com/manchester-city/startseite/verein/281,€50.00m,50000000,England,First Tier
Portugal,Portugal,5,Diogo Dalot,357147,https://www.transfermarkt.com/diogo-dalot/profil/spieler/357147,Right-Back,27,Manchester United,985,https://www.transfermarkt.com/manchester-united/startseite/verein/985,€30.00m,30000000,England,First Tier
Portugal,Portugal,20,João Cancelo,182712,https://www.transfermarkt.com/joao-cancelo/profil/spieler/182712,Right-Back,32,FC Barcelona,131,https://www.transfermarkt.com/fc-barcelona/startseite/verein/131,€8.00m,8000000,Spain,First Tier
Portugal,Portugal,2,Nélson Semedo,231572,https://www.transfermarkt.com/nelson-semedo/profil/spieler/231572,Right-Back,32,Fenerbahce,36,https://www.transfermarkt.com/fenerbahce-istanbul/startseite/verein/36,€6.00m,6000000,Türkiye,First Tier
Portugal,Portugal,23,Vitinha,487469,https://www.transfermarkt.com/vitinha/profil/spieler/487469,Defensive Midfield,26,Paris Saint-Germain,583,https://www.transfermarkt.com/fc-paris-saint-germain/startseite/verein/583,€140.00m,140000000,France,First Tier
Portugal,Portugal,21,Rúben Neves,225161,https://www.transfermarkt.com/ruben-neves/profil/spieler/225161,Defensive Midfield,29,Al-Hilal SFC,1114,https://www.transfermarkt.com/al-hilal-riad/startseite/verein/1114,€25.00m,25000000,Saudi Arabia,First Tier
Portugal,Portugal,24,Samú Costa,657430,https://www.transfermarkt.com/samu-costa/profil/spieler/657430,Defensive Midfield,25,RCD Mallorca,237,https://www.transfermarkt.com/rcd-mallorca/startseite/verein/237,€15.00m,15000000,Spain,First Tier
Portugal,Portugal,15,João Neves,670681,https://www.transfermarkt.com/joao-neves/profil/spieler/670681,Central Midfield,21,Paris Saint-Germain,583,https://www.transfermarkt.com/fc-paris-saint-germain/startseite/verein/583,€140.00m,140000000,France,First Tier
Portugal,Portugal,16,Francisco Trincão,412669,https://www.transfermarkt.com/francisco-trincao/profil/spieler/412669,Attacking Midfield,26,Sporting CP,336,https://www.transfermarkt.com/sporting-lissabon/startseite/verein/336,€40.00m,40000000,Portugal,First Tier
Portugal,Portugal,8,Bruno Fernandes,240306,https://www.transfermarkt.com/bruno-fernandes/profil/spieler/240306,Attacking Midfield,31,Manchester United,985,https://www.transfermarkt.com/manchester-united/startseite/verein/985,€35.00m,35000000,England,First Tier
Portugal,Portugal,10,Bernardo Silva,241641,https://www.transfermarkt.com/bernardo-silva/profil/spieler/241641,Attacking Midfield,31,Manchester City,281,https://www.transfermarkt.com/manchester-city/startseite/verein/281,€22.00m,22000000,England,First Tier
Portugal,Portugal,17,Rafael Leão,357164,https://www.transfermarkt.com/rafael-leao/profil/spieler/357164,Left Winger,26,AC Milan,5,https://www.transfermarkt.com/ac-mailand/startseite/verein/5,€50.00m,50000000,Italy,First Tier
Portugal,Portugal,19,Gonçalo Guedes,225122,https://www.transfermarkt.com/goncalo-guedes/profil/spieler/225122,Left Winger,29,Real Sociedad,681,https://www.transfermarkt.com/real-sociedad-san-sebastian/startseite/verein/681,€6.00m,6000000,Spain,First Tier
Portugal,Portugal,18,Pedro Neto,487465,https://www.transfermarkt.com/pedro-neto/profil/spieler/487465,Right Winger,26,Chelsea FC,631,https://www.transfermarkt.com/fc-chelsea/startseite/verein/631,€60.00m,60000000,England,First Tier
Portugal,Portugal,26,Francisco Conceição,487474,https://www.transfermarkt.com/francisco-conceicao/profil/spieler/487474,Right Winger,23,Juventus FC,506,https://www.transfermarkt.com/juventus-turin/startseite/verein/506,€30.00m,30000000,Italy,First Tier
Portugal,Portugal,11,João Félix,462250,https://www.transfermarkt.com/joao-felix/profil/spieler/462250,Second Striker,26,Al-Nassr FC,18544,https://www.transfermarkt.com/al-nasr-riad/startseite/verein/18544,€28.00m,28000000,Saudi Arabia,First Tier
Portugal,Portugal,9,Gonçalo Ramos,550550,https://www.transfermarkt.com/goncalo-ramos/profil/spieler/550550,Centre-Forward,24,Paris Saint-Germain,583,https://www.transfermarkt.com/fc-paris-saint-germain/startseite/verein/583,€30.00m,30000000,France,First Tier
Portugal,Portugal,7,Cristiano Ronaldo,8198,https://www.transfermarkt.com/cristiano-ronaldo/profil/spieler/8198,Centre-Forward,41,Al-Nassr FC,18544,https://www.transfermarkt.com/al-nasr-riad/startseite/verein/18544,€10.00m,10000000,Saudi Arabia,First Tier
Qatar,Qatar,22,Meshaal Barsham,560423,https://www.transfermarkt.com/meshaal-barsham/profil/spieler/560423,Goalkeeper,28,Al-Sadd SC,656,https://www.transfermarkt.com/al-sadd-sc/startseite/verein/656,€700k,700000,Qatar,First Tier
Qatar,Qatar,1,Mahmoud Abunada,669629,https://www.transfermarkt.com/mahmoud-abunada/profil/spieler/669629,Goalkeeper,26,Al-Rayyan SC,3229,https://www.transfermarkt.com/al-rayyan-sc/startseite/verein/3229,€400k,400000,Qatar,First Tier
Qatar,Qatar,21,Salah Zakaria,632912,https://www.transfermarkt.com/salah-zakaria/profil/spieler/632912,Goalkeeper,27,Al-Duhail SC,26091,https://www.transfermarkt.com/al-duhail-sc/startseite/verein/26091,€400k,400000,Qatar,First Tier
Qatar,Qatar,3,Lucas Mendes,83983,https://www.transfermarkt.com/lucas-mendes/profil/spieler/83983,Centre-Back,35,Al-Wakrah SC,13509,https://www.transfermarkt.com/al-wakrah-sc/startseite/verein/13509,€350k,350000,Qatar,First Tier
Qatar,Qatar,25,Al-Hashmi Al-Hussain,943150,https://www.transfermarkt.com/al-hashmi-al-hussain/profil/spieler/943150,Centre-Back,22,Al-Arabi SC,1230,https://www.transfermarkt.com/al-arabi-sc/startseite/verein/1230,€250k,250000,Qatar,First Tier
Qatar,Qatar,4,Issa Laye,1264176,https://www.transfermarkt.com/issa-laye/profil/spieler/1264176,Centre-Back,28,Al-Arabi SC,1230,https://www.transfermarkt.com/al-arabi-sc/startseite/verein/1230,€200k,200000,Qatar,First Tier
Qatar,Qatar,16,Boualem Khoukhi,222669,https://www.transfermarkt.com/boualem-khoukhi/profil/spieler/222669,Centre-Back,35,Al-Sadd SC,656,https://www.transfermarkt.com/al-sadd-sc/startseite/verein/656,€200k,200000,Qatar,First Tier
Qatar,Qatar,2,Pedro Miguel,228727,https://www.transfermarkt.com/pedro-miguel/profil/spieler/228727,Centre-Back,35,Al-Sadd SC,656,https://www.transfermarkt.com/al-sadd-sc/startseite/verein/656,€150k,150000,Qatar,First Tier
Qatar,Qatar,14,Homam Al-Amin,556713,https://www.transfermarkt.com/homam-al-amin/profil/spieler/556713,Left-Back,26,Cultural Leonesa,4542,https://www.transfermarkt.com/cultural-leonesa/startseite/verein/4542,€500k,500000,Spain,Second Tier
Qatar,Qatar,18,Sultan Al-Brake,336665,https://www.transfermarkt.com/sultan-al-brake/profil/spieler/336665,Left-Back,30,Al-Duhail SC,26091,https://www.transfermarkt.com/al-duhail-sc/startseite/verein/26091,€300k,300000,Qatar,First Tier
Qatar,Qatar,13,Ayoub Al-Oui,1054631,https://www.transfermarkt.com/ayoub-al-oui/profil/spieler/1054631,Right-Back,21,Al-Gharafa SC,6297,https://www.transfermarkt.com/al-gharafa-sc/startseite/verein/6297,€375k,375000,Qatar,First Tier
Qatar,Qatar,5,Jassem Gaber,735813,https://www.transfermarkt.com/jassem-gaber/profil/spieler/735813,Defensive Midfield,24,Al-Rayyan SC,3229,https://www.transfermarkt.com/al-rayyan-sc/startseite/verein/3229,€500k,500000,Qatar,First Tier
Qatar,Qatar,26,Mohamed Al-Mannai,822935,https://www.transfermarkt.com/mohamed-al-mannai/profil/spieler/822935,Defensive Midfield,22,Al-Shamal SC,10775,https://www.transfermarkt.com/al-shamal/startseite/verein/10775,€500k,500000,Qatar,First Tier
Qatar,Qatar,23,Assim Madibo,336667,https://www.transfermarkt.com/assim-madibo/profil/spieler/336667,Defensive Midfield,29,Al-Wakrah SC,13509,https://www.transfermarkt.com/al-wakrah-sc/startseite/verein/13509,€350k,350000,Qatar,First Tier
Qatar,Qatar,20,Ahmed Fathi,251183,https://www.transfermarkt.com/ahmed-fathi/profil/spieler/251183,Defensive Midfield,33,Al-Arabi SC,1230,https://www.transfermarkt.com/al-arabi-sc/startseite/verein/1230,€250k,250000,Qatar,First Tier
Qatar,Qatar,12,Karim Boudiaf,222385,https://www.transfermarkt.com/karim-boudiaf/profil/spieler/222385,Defensive Midfield,35,Al-Duhail SC,26091,https://www.transfermarkt.com/al-duhail-sc/startseite/verein/26091,€175k,175000,Qatar,First Tier
Qatar,Qatar,6,Abdulaziz Hatim,113915,https://www.transfermarkt.com/abdulaziz-hatim/profil/spieler/113915,Central Midfield,35,Al-Rayyan SC,3229,https://www.transfermarkt.com/al-rayyan-sc/startseite/verein/3229,€250k,250000,Qatar,First Tier
Qatar,Qatar,10,Hasan Al-Haydos,86286,https://www.transfermarkt.com/hasan-al-haydos/profil/spieler/86286,Attacking Midfield,35,Al-Sadd SC,656,https://www.transfermarkt.com/al-sadd-sc/startseite/verein/656,€300k,300000,Qatar,First Tier
Qatar,Qatar,11,Akram Afif,336646,https://www.transfermarkt.com/akram-afif/profil/spieler/336646,Left Winger,29,Al-Sadd SC,656,https://www.transfermarkt.com/al-sadd-sc/startseite/verein/656,€8.00m,8000000,Qatar,First Tier
Qatar,Qatar,8,Edmílson Junior,237846,https://www.transfermarkt.com/edmilson-junior/profil/spieler/237846,Left Winger,31,Al-Duhail SC,26091,https://www.transfermarkt.com/al-duhail-sc/startseite/verein/26091,€1.80m,1800000,Qatar,First Tier
Qatar,Qatar,15,Yusuf Abdurisag,589099,https://www.transfermarkt.com/yusuf-abdurisag/profil/spieler/589099,Left Winger,26,Al-Wakrah SC,13509,https://www.transfermarkt.com/al-wakrah-sc/startseite/verein/13509,€275k,275000,Qatar,First Tier
Qatar,Qatar,24,Tahsin Mohammed Jamshid,1143849,https://www.transfermarkt.com/tahsin-mohammed-jamshid/profil/spieler/1143849,Left Winger,19,Al-Duhail SC,26091,https://www.transfermarkt.com/al-duhail-sc/startseite/verein/26091,€200k,200000,Qatar,First Tier
Qatar,Qatar,17,Ahmed Al-Ganehi,670659,https://www.transfermarkt.com/ahmed-al-ganehi/profil/spieler/670659,Right Winger,25,Al-Gharafa SC,6297,https://www.transfermarkt.com/al-gharafa-sc/startseite/verein/6297,€500k,500000,Qatar,First Tier
Qatar,Qatar,19,Almoez Ali,345095,https://www.transfermarkt.com/almoez-ali/profil/spieler/345095,Centre-Forward,29,Al-Duhail SC,26091,https://www.transfermarkt.com/al-duhail-sc/startseite/verein/26091,€2.50m,2500000,Qatar,First Tier
Qatar,Qatar,7,Ahmed Alaaeldin,187987,https://www.transfermarkt.com/ahmed-alaaeldin/profil/spieler/187987,Centre-Forward,33,Al-Rayyan SC,3229,https://www.transfermarkt.com/al-rayyan-sc/startseite/verein/3229,€300k,300000,Qatar,First Tier
Qatar,Qatar,9,Mohammed Muntari,266935,https://www.transfermarkt.com/mohammed-muntari/profil/spieler/266935,Centre-Forward,32,Al-Gharafa SC,6297,https://www.transfermarkt.com/al-gharafa-sc/startseite/verein/6297,€200k,200000,Qatar,First Tier
Saudi Arabia,Saudi Arabia,1,Nawaf Al-Aqidi,886183,https://www.transfermarkt.com/nawaf-al-aqidi/profil/spieler/886183,Goalkeeper,26,Al-Nassr FC,18544,https://www.transfermarkt.com/al-nasr-riad/startseite/verein/18544,€650k,650000,Saudi Arabia,First Tier
Saudi Arabia,Saudi Arabia,21,Mohammed Al-Owais,262845,https://www.transfermarkt.com/mohammed-al-owais/profil/spieler/262845,Goalkeeper,34,Al-Ula FC,107818,https://www.transfermarkt.com/al-ula-fc/startseite/verein/107818,€275k,275000,Saudi Arabia,Second Tier
Saudi Arabia,Saudi Arabia,22,Ahmed Al-Kassar,177956,https://www.transfermarkt.com/ahmed-al-kassar/profil/spieler/177956,Goalkeeper,35,Al-Qadsiah FC,26069,https://www.transfermarkt.com/al-qadisiyah-fc/startseite/verein/26069,€175k,175000,Saudi Arabia,First Tier
Saudi Arabia,Saudi Arabia,5,Hassan Tambakti,509897,https://www.transfermarkt.com/hassan-tambakti/profil/spieler/509897,Centre-Back,27,Al-Hilal SFC,1114,https://www.transfermarkt.com/al-hilal-riad/startseite/verein/1114,€1.80m,1800000,Saudi Arabia,First Tier
Saudi Arabia,Saudi Arabia,4,Abdulelah Al-Amri,509894,https://www.transfermarkt.com/abdulelah-al-amri/profil/spieler/509894,Centre-Back,29,Al-Nassr FC,18544,https://www.transfermarkt.com/al-nasr-riad/startseite/verein/18544,€1.40m,1400000,Saudi Arabia,First Tier
Saudi Arabia,Saudi Arabia,25,Jehad Thakri,901334,https://www.transfermarkt.com/jehad-thakri/profil/spieler/901334,Centre-Back,24,Al-Qadsiah FC,26069,https://www.transfermarkt.com/al-qadisiyah-fc/startseite/verein/26069,€1.20m,1200000,Saudi Arabia,First Tier
Saudi Arabia,Saudi Arabia,3,Ali Lajami,264909,https://www.transfermarkt.com/ali-lajami/profil/spieler/264909,Centre-Back,30,Al-Hilal SFC,1114,https://www.transfermarkt.com/al-hilal-riad/startseite/verein/1114,€750k,750000,Saudi Arabia,First Tier
Saudi Arabia,Saudi Arabia,24,Moteb Al-Harbi,869509,https://www.transfermarkt.com/moteb-al-harbi/profil/spieler/869509,Left-Back,26,Al-Hilal SFC,1114,https://www.transfermarkt.com/al-hilal-riad/startseite/verein/1114,€1.40m,1400000,Saudi Arabia,First Tier
Saudi Arabia,Saudi Arabia,8,Ayman Yahya,735815,https://www.transfermarkt.com/ayman-yahya/profil/spieler/735815,Left-Back,25,Al-Nassr FC,18544,https://www.transfermarkt.com/al-nasr-riad/startseite/verein/18544,€1.20m,1200000,Saudi Arabia,First Tier
Saudi Arabia,Saudi Arabia,14,Hassan Kadesh,260859,https://www.transfermarkt.com/hassan-kadesh/profil/spieler/260859,Left-Back,33,Al-Ittihad Club,8023,https://www.transfermarkt.com/al-ittihad-dschidda/startseite/verein/8023,€275k,275000,Saudi Arabia,First Tier
Saudi Arabia,Saudi Arabia,12,Saud Abdulhamid,631927,https://www.transfermarkt.com/saud-abdulhamid/profil/spieler/631927,Right-Back,26,RC Lens,826,https://www.transfermarkt.com/rc-lens/startseite/verein/826,€9.00m,9000000,France,First Tier
Saudi Arabia,Saudi Arabia,26,Mohammed Abu Al-Shamat,1181852,https://www.transfermarkt.com/mohammed-abu-al-shamat/profil/spieler/1181852,Right-Back,23,Al-Qadsiah FC,26069,https://www.transfermarkt.com/al-qadisiyah-fc/startseite/verein/26069,€1.80m,1800000,Saudi Arabia,First Tier
Saudi Arabia,Saudi Arabia,2,Ali Majrashi,672391,https://www.transfermarkt.com/ali-majrashi/profil/spieler/672391,Right-Back,26,Al-Ahli SFC,18487,https://www.transfermarkt.com/al-ahli-dschidda/startseite/verein/18487,€1.40m,1400000,Saudi Arabia,First Tier
Saudi Arabia,Saudi Arabia,13,Nawaf Boushal,821377,https://www.transfermarkt.com/nawaf-boushal/profil/spieler/821377,Right-Back,26,Al-Nassr FC,18544,https://www.transfermarkt.com/al-nasr-riad/startseite/verein/18544,€1.40m,1400000,Saudi Arabia,First Tier
Saudi Arabia,Saudi Arabia,16,Ziyad Al-Johani,901079,https://www.transfermarkt.com/ziyad-al-johani/profil/spieler/901079,Defensive Midfield,24,Al-Ahli SFC,18487,https://www.transfermarkt.com/al-ahli-dschidda/startseite/verein/18487,€800k,800000,Saudi Arabia,First Tier
Saudi Arabia,Saudi Arabia,15,Abdullah Al-Khaibari,437903,https://www.transfermarkt.com/abdullah-al-khaibari/profil/spieler/437903,Defensive Midfield,29,Al-Nassr FC,18544,https://www.transfermarkt.com/al-nasr-riad/startseite/verein/18544,€750k,750000,Saudi Arabia,First Tier
Saudi Arabia,Saudi Arabia,7,Musab Al-Juwayr,901181,https://www.transfermarkt.com/musab-al-juwayr/profil/spieler/901181,Central Midfield,22,Al-Qadsiah FC,26069,https://www.transfermarkt.com/al-qadisiyah-fc/startseite/verein/26069,€6.00m,6000000,Saudi Arabia,First Tier
Saudi Arabia,Saudi Arabia,6,Nasser Al-Dawsari,509911,https://www.transfermarkt.com/nasser-al-dawsari/profil/spieler/509911,Central Midfield,27,Al-Hilal SFC,1114,https://www.transfermarkt.com/al-hilal-riad/startseite/verein/1114,€900k,900000,Saudi Arabia,First Tier
Saudi Arabia,Saudi Arabia,23,Mohamed Kanno,308120,https://www.transfermarkt.com/mohamed-kanno/profil/spieler/308120,Central Midfield,31,Al-Hilal SFC,1114,https://www.transfermarkt.com/al-hilal-riad/startseite/verein/1114,€800k,800000,Saudi Arabia,First Tier
Saudi Arabia,Saudi Arabia,18,Alaa Hejji,443937,https://www.transfermarkt.com/alaa-hejji/profil/spieler/443937,Central Midfield,30,NEOM SC,34911,https://www.transfermarkt.com/al-suqoor/startseite/verein/34911,€300k,300000,Saudi Arabia,First Tier
Saudi Arabia,Saudi Arabia,17,Khalid Al-Ghannam,631923,https://www.transfermarkt.com/khalid-al-ghannam/profil/spieler/631923,Left Winger,25,Al-Ettifaq FC,7732,https://www.transfermarkt.com/al-ettifaq/startseite/verein/7732,€2.50m,2500000,Saudi Arabia,First Tier
Saudi Arabia,Saudi Arabia,10,Salem Al-Dawsari,195332,https://www.transfermarkt.com/salem-al-dawsari/profil/spieler/195332,Left Winger,34,Al-Hilal SFC,1114,https://www.transfermarkt.com/al-hilal-riad/startseite/verein/1114,€1.20m,1200000,Saudi Arabia,First Tier
Saudi Arabia,Saudi Arabia,20,Sultan Mandash,210349,https://www.transfermarkt.com/sultan-mandash/profil/spieler/210349,Right Winger,31,Al-Hilal SFC,1114,https://www.transfermarkt.com/al-hilal-riad/startseite/verein/1114,€350k,350000,Saudi Arabia,First Tier
Saudi Arabia,Saudi Arabia,9,Firas Al-Buraikan,631922,https://www.transfermarkt.com/firas-al-buraikan/profil/spieler/631922,Centre-Forward,26,Al-Ahli SFC,18487,https://www.transfermarkt.com/al-ahli-dschidda/startseite/verein/18487,€3.50m,3500000,Saudi Arabia,First Tier
Saudi Arabia,Saudi Arabia,11,Saleh Al-Shehri,242267,https://www.transfermarkt.com/saleh-al-shehri/profil/spieler/242267,Centre-Forward,32,Al-Ittihad Club,8023,https://www.transfermarkt.com/al-ittihad-dschidda/startseite/verein/8023,€500k,500000,Saudi Arabia,First Tier
Saudi Arabia,Saudi Arabia,19,Abdullah Al-Hamdan,68626,https://www.transfermarkt.com/abdullah-al-hamdan/profil/spieler/68626,Centre-Forward,26,Al-Nassr FC,18544,https://www.transfermarkt.com/al-nasr-riad/startseite/verein/18544,€350k,350000,Saudi Arabia,First Tier
Scotland,Scotland,1,Angus Gunn,201574,https://www.transfermarkt.com/angus-gunn/profil/spieler/201574,Goalkeeper,30,Nottingham Forest,703,https://www.transfermarkt.com/nottingham-forest/startseite/verein/703,€1.00m,1000000,England,First Tier
Scotland,Scotland,12,Liam Kelly,208772,https://www.transfermarkt.com/liam-kelly/profil/spieler/208772,Goalkeeper,30,Rangers FC,124,https://www.transfermarkt.com/glasgow-rangers/startseite/verein/124,€800k,800000,Scotland,First Tier
Scotland,Scotland,21,Craig Gordon,12589,https://www.transfermarkt.com/craig-gordon/profil/spieler/12589,Goalkeeper,43,Heart of Midlothian FC,43,https://www.transfermarkt.com/heart-of-midlothian-fc/startseite/verein/43,€50k,50000,Scotland,First Tier
Scotland,Scotland,26,Scott McKenna,255906,https://www.transfermarkt.com/scott-mckenna/profil/spieler/255906,Centre-Back,29,GNK Dinamo Zagreb,419,https://www.transfermarkt.com/gnk-dinamo-zagreb/startseite/verein/419,€4.00m,4000000,Croatia,First Tier
Scotland,Scotland,13,Jack Hendry,363223,https://www.transfermarkt.com/jack-hendry/profil/spieler/363223,Centre-Back,31,Al-Ettifaq FC,7732,https://www.transfermarkt.com/al-ettifaq/startseite/verein/7732,€2.50m,2500000,Saudi Arabia,First Tier
Scotland,Scotland,15,John Souttar,235767,https://www.transfermarkt.com/john-souttar/profil/spieler/235767,Centre-Back,29,Rangers FC,124,https://www.transfermarkt.com/glasgow-rangers/startseite/verein/124,€2.00m,2000000,Scotland,First Tier
Scotland,Scotland,16,Dominic Hyam,263268,https://www.transfermarkt.com/dominic-hyam/profil/spieler/263268,Centre-Back,30,Wrexham AFC,1112,https://www.transfermarkt.com/afc-wrexham/startseite/verein/1112,€2.00m,2000000,England,Second Tier
Scotland,Scotland,5,Grant Hanley,121385,https://www.transfermarkt.com/grant-hanley/profil/spieler/121385,Centre-Back,34,Hibernian FC,903,https://www.transfermarkt.com/hibernian-fc/startseite/verein/903,€200k,200000,Scotland,First Tier
Scotland,Scotland,6,Kieran Tierney,300716,https://www.transfermarkt.com/kieran-tierney/profil/spieler/300716,Left-Back,29,Celtic FC,371,https://www.transfermarkt.com/celtic-glasgow/startseite/verein/371,€8.00m,8000000,Scotland,First Tier
Scotland,Scotland,3,Andrew Robertson,234803,https://www.transfermarkt.com/andrew-robertson/profil/spieler/234803,Left-Back,32,Liverpool FC,31,https://www.transfermarkt.com/fc-liverpool/startseite/verein/31,€7.00m,7000000,England,First Tier
Scotland,Scotland,2,Aaron Hickey,591949,https://www.transfermarkt.com/aaron-hickey/profil/spieler/591949,Right-Back,23,Brentford FC,1148,https://www.transfermarkt.com/fc-brentford/startseite/verein/1148,€16.00m,16000000,England,First Tier
Scotland,Scotland,22,Nathan Patterson,424015,https://www.transfermarkt.com/nathan-patterson/profil/spieler/424015,Right-Back,24,Everton FC,29,https://www.transfermarkt.com/fc-everton/startseite/verein/29,€10.00m,10000000,England,First Tier
Scotland,Scotland,24,Anthony Ralston,388171,https://www.transfermarkt.com/anthony-ralston/profil/spieler/388171,Right-Back,27,Celtic FC,371,https://www.transfermarkt.com/celtic-glasgow/startseite/verein/371,€1.50m,1500000,Scotland,First Tier
Scotland,Scotland,4,Scott McTominay,315969,https://www.transfermarkt.com/scott-mctominay/profil/spieler/315969,Central Midfield,29,SSC Napoli,6195,https://www.transfermarkt.com/ssc-neapel/startseite/verein/6195,€40.00m,40000000,Italy,First Tier
Scotland,Scotland,19,Lewis Ferguson,428563,https://www.transfermarkt.com/lewis-ferguson/profil/spieler/428563,Central Midfield,26,Bologna FC 1909,1025,https://www.transfermarkt.com/fc-bologna/startseite/verein/1025,€14.00m,14000000,Italy,First Tier
Scotland,Scotland,7,John McGinn,193116,https://www.transfermarkt.com/john-mcginn/profil/spieler/193116,Central Midfield,31,Aston Villa,405,https://www.transfermarkt.com/aston-villa/startseite/verein/405,€13.00m,13000000,England,First Tier
Scotland,Scotland,11,Ryan Christie,188077,https://www.transfermarkt.com/ryan-christie/profil/spieler/188077,Central Midfield,31,AFC Bournemouth,989,https://www.transfermarkt.com/afc-bournemouth/startseite/verein/989,€8.00m,8000000,England,First Tier
Scotland,Scotland,8,Tyler Fletcher,1049911,https://www.transfermarkt.com/tyler-fletcher/profil/spieler/1049911,Central Midfield,19,Manchester United U21,9251,https://www.transfermarkt.com/manchester-united-u23/startseite/verein/9251,€1.50m,1500000,England,Reserve league
Scotland,Scotland,23,Kenny McLean,126600,https://www.transfermarkt.com/kenny-mclean/profil/spieler/126600,Central Midfield,34,Norwich City,1123,https://www.transfermarkt.com/norwich-city/startseite/verein/1123,€400k,400000,England,Second Tier
Scotland,Scotland,25,Findlay Curtis,1082993,https://www.transfermarkt.com/findlay-curtis/profil/spieler/1082993,Left Winger,19,Rangers FC,124,https://www.transfermarkt.com/glasgow-rangers/startseite/verein/124,€2.00m,2000000,Scotland,First Tier
Scotland,Scotland,17,Ben Gannon-Doak,719673,https://www.transfermarkt.com/ben-gannon-doak/profil/spieler/719673,Right Winger,20,AFC Bournemouth,989,https://www.transfermarkt.com/afc-bournemouth/startseite/verein/989,€15.00m,15000000,England,First Tier
Scotland,Scotland,18,George Hirst,420808,https://www.transfermarkt.com/george-hirst/profil/spieler/420808,Centre-Forward,27,Ipswich Town,677,https://www.transfermarkt.com/ipswich-town/startseite/verein/677,€10.00m,10000000,England,Second Tier
Scotland,Scotland,10,Ché Adams,346779,https://www.transfermarkt.com/che-adams/profil/spieler/346779,Centre-Forward,29,Torino FC,416,https://www.transfermarkt.com/fc-turin/startseite/verein/416,€5.00m,5000000,Italy,First Tier
Scotland,Scotland,20,Lawrence Shankland,225744,https://www.transfermarkt.com/lawrence-shankland/profil/spieler/225744,Centre-Forward,30,Heart of Midlothian FC,43,https://www.transfermarkt.com/heart-of-midlothian-fc/startseite/verein/43,€3.00m,3000000,Scotland,First Tier
Scotland,Scotland,14,Ross Stewart,447995,https://www.transfermarkt.com/ross-stewart/profil/spieler/447995,Centre-Forward,29,Southampton FC,180,https://www.transfermarkt.com/fc-southampton/startseite/verein/180,€2.50m,2500000,England,Second Tier
Scotland,Scotland,9,Lyndon Dykes,347138,https://www.transfermarkt.com/lyndon-dykes/profil/spieler/347138,Centre-Forward,30,Charlton Athletic,358,https://www.transfermarkt.com/charlton-athletic/startseite/verein/358,€800k,800000,England,Second Tier
Senegal,Senegal,1,Yehvann Diouf,448632,https://www.transfermarkt.com/yehvann-diouf/profil/spieler/448632,Goalkeeper,26,OGC Nice,417,https://www.transfermarkt.com/ogc-nizza/startseite/verein/417,€7.00m,7000000,France,First Tier
Senegal,Senegal,16,Edouard Mendy,442531,https://www.transfermarkt.com/edouard-mendy/profil/spieler/442531,Goalkeeper,34,Al-Ahli SFC,18487,https://www.transfermarkt.com/al-ahli-dschidda/startseite/verein/18487,€4.00m,4000000,Saudi Arabia,First Tier
Senegal,Senegal,23,Mory Diaw,164904,https://www.transfermarkt.com/mory-diaw/profil/spieler/164904,Goalkeeper,32,Le Havre AC,738,https://www.transfermarkt.com/ac-le-havre/startseite/verein/738,€900k,900000,France,First Tier
Senegal,Senegal,2,Mamadou Sarr,910905,https://www.transfermarkt.com/mamadou-sarr/profil/spieler/910905,Centre-Back,20,Chelsea FC,631,https://www.transfermarkt.com/fc-chelsea/startseite/verein/631,€22.00m,22000000,England,First Tier
Senegal,Senegal,19,Moussa Niakhaté,291200,https://www.transfermarkt.com/moussa-niakhate/profil/spieler/291200,Centre-Back,30,Olympique Lyon,1041,https://www.transfermarkt.com/olympique-lyon/startseite/verein/1041,€15.00m,15000000,France,First Tier
Senegal,Senegal,24,Antoine Mendy,891998,https://www.transfermarkt.com/antoine-mendy/profil/spieler/891998,Centre-Back,22,OGC Nice,417,https://www.transfermarkt.com/ogc-nizza/startseite/verein/417,€10.00m,10000000,France,First Tier
Senegal,Senegal,3,Kalidou Koulibaly,93128,https://www.transfermarkt.com/kalidou-koulibaly/profil/spieler/93128,Centre-Back,34,Al-Hilal SFC,1114,https://www.transfermarkt.com/al-hilal-riad/startseite/verein/1114,€4.50m,4500000,Saudi Arabia,First Tier
Senegal,Senegal,4,Abdoulaye Seck,265383,https://www.transfermarkt.com/abdoulaye-seck/profil/spieler/265383,Centre-Back,34,Maccabi Haifa,1064,https://www.transfermarkt.com/maccabi-haifa/startseite/verein/1064,€400k,400000,Israel,First Tier
Senegal,Senegal,25,El Hadji Malick Diouf,1111589,https://www.transfermarkt.com/el-hadji-malick-diouf/profil/spieler/1111589,Left-Back,21,West Ham United,379,https://www.transfermarkt.com/west-ham-united/startseite/verein/379,€28.00m,28000000,England,First Tier
Senegal,Senegal,14,Ismail Jakobs,375137,https://www.transfermarkt.com/ismail-jakobs/profil/spieler/375137,Left-Back,26,Galatasaray,141,https://www.transfermarkt.com/galatasaray-istanbul/startseite/verein/141,€8.00m,8000000,Türkiye,First Tier
Senegal,Senegal,5,Idrissa Gueye,126665,https://www.transfermarkt.com/idrissa-gueye/profil/spieler/126665,Defensive Midfield,36,Everton FC,29,https://www.transfermarkt.com/fc-everton/startseite/verein/29,€500k,500000,England,First Tier
Senegal,Senegal,8,Lamine Camara,918969,https://www.transfermarkt.com/lamine-camara/profil/spieler/918969,Central Midfield,22,AS Monaco,162,https://www.transfermarkt.com/as-monaco/startseite/verein/162,€40.00m,40000000,France,First Tier
Senegal,Senegal,26,Pape Gueye,485963,https://www.transfermarkt.com/pape-gueye/profil/spieler/485963,Central Midfield,27,Villarreal CF,1050,https://www.transfermarkt.com/fc-villarreal/startseite/verein/1050,€40.00m,40000000,Spain,First Tier
Senegal,Senegal,21,Habib Diarra,876631,https://www.transfermarkt.com/habib-diarra/profil/spieler/876631,Central Midfield,22,Sunderland AFC,289,https://www.transfermarkt.com/afc-sunderland/startseite/verein/289,€35.00m,35000000,England,First Tier
Senegal,Senegal,17,Pape Matar Sarr,568693,https://www.transfermarkt.com/pape-matar-sarr/profil/spieler/568693,Central Midfield,23,Tottenham Hotspur,148,https://www.transfermarkt.com/tottenham-hotspur/startseite/verein/148,€30.00m,30000000,England,First Tier
Senegal,Senegal,22,Bara Sapoko Ndiaye,1497653,https://www.transfermarkt.com/bara-sapoko-ndiaye/profil/spieler/1497653,Central Midfield,18,Bayern Munich,27,https://www.transfermarkt.com/fc-bayern-munchen/startseite/verein/27,€4.00m,4000000,Germany,First Tier
Senegal,Senegal,6,Pathé Ciss,525578,https://www.transfermarkt.com/pathe-ciss/profil/spieler/525578,Central Midfield,32,Rayo Vallecano,367,https://www.transfermarkt.com/rayo-vallecano/startseite/verein/367,€1.80m,1800000,Spain,First Tier
Senegal,Senegal,15,Krépin Diatta,490426,https://www.transfermarkt.com/krepin-diatta/profil/spieler/490426,Right Midfield,27,AS Monaco,162,https://www.transfermarkt.com/as-monaco/startseite/verein/162,€6.00m,6000000,France,First Tier
Senegal,Senegal,7,Assane Diao,1061282,https://www.transfermarkt.com/assane-diao/profil/spieler/1061282,Left Winger,20,Como 1907,1047,https://www.transfermarkt.com/como-1907/startseite/verein/1047,€30.00m,30000000,Italy,First Tier
Senegal,Senegal,10,Sadio Mané,200512,https://www.transfermarkt.com/sadio-mane/profil/spieler/200512,Left Winger,34,Al-Nassr FC,18544,https://www.transfermarkt.com/al-nasr-riad/startseite/verein/18544,€6.00m,6000000,Saudi Arabia,First Tier
Senegal,Senegal,13,Iliman Ndiaye,623570,https://www.transfermarkt.com/iliman-ndiaye/profil/spieler/623570,Right Winger,26,Everton FC,29,https://www.transfermarkt.com/fc-everton/startseite/verein/29,€55.00m,55000000,England,First Tier
Senegal,Senegal,18,Ismaïla Sarr,410225,https://www.transfermarkt.com/ismaila-sarr/profil/spieler/410225,Right Winger,28,Crystal Palace,873,https://www.transfermarkt.com/crystal-palace/startseite/verein/873,€40.00m,40000000,England,First Tier
Senegal,Senegal,20,Ibrahim Mbaye,1185888,https://www.transfermarkt.com/ibrahim-mbaye/profil/spieler/1185888,Right Winger,18,Paris Saint-Germain,583,https://www.transfermarkt.com/fc-paris-saint-germain/startseite/verein/583,€30.00m,30000000,France,First Tier
Senegal,Senegal,11,Nicolas Jackson,776890,https://www.transfermarkt.com/nicolas-jackson/profil/spieler/776890,Centre-Forward,24,Bayern Munich,27,https://www.transfermarkt.com/fc-bayern-munchen/startseite/verein/27,€40.00m,40000000,Germany,First Tier
Senegal,Senegal,9,Bamba Dieng,822458,https://www.transfermarkt.com/bamba-dieng/profil/spieler/822458,Centre-Forward,26,FC Lorient,1158,https://www.transfermarkt.com/fc-lorient/startseite/verein/1158,€15.00m,15000000,France,First Tier
Senegal,Senegal,12,Cherif Ndiaye,480705,https://www.transfermarkt.com/cherif-ndiaye/profil/spieler/480705,Centre-Forward,30,Samsunspor,152,https://www.transfermarkt.com/samsunspor/startseite/verein/152,€5.00m,5000000,Türkiye,First Tier
South Africa,South Africa,16,Sipho Chaine,453370,https://www.transfermarkt.com/sipho-chaine/profil/spieler/453370,Goalkeeper,29,Orlando Pirates,2557,https://www.transfermarkt.com/orlando-pirates/startseite/verein/2557,€1.60m,1600000,South Africa,First Tier
South Africa,South Africa,1,Ronwen Williams,175577,https://www.transfermarkt.com/ronwen-williams/profil/spieler/175577,Goalkeeper,34,Mamelodi Sundowns FC,6356,https://www.transfermarkt.com/mamelodi-sundowns-fc/startseite/verein/6356,€800k,800000,South Africa,First Tier
South Africa,South Africa,22,Ricardo Goss,258304,https://www.transfermarkt.com/ricardo-goss/profil/spieler/258304,Goalkeeper,32,Siwelele Football Club ,132785,https://www.transfermarkt.com/siwelele-football-club/startseite/verein/132785,€350k,350000,South Africa,First Tier
South Africa,South Africa,14,Mbekezeli Mbokazi,1378320,https://www.transfermarkt.com/mbekezeli-mbokazi/profil/spieler/1378320,Centre-Back,20,Chicago Fire FC,432,https://www.transfermarkt.com/chicago-fire-fc/startseite/verein/432,€3.50m,3500000,United States,First Tier
South Africa,South Africa,21,Ime Okon,1107265,https://www.transfermarkt.com/ime-okon/profil/spieler/1107265,Centre-Back,22,Hannover 96,42,https://www.transfermarkt.com/hannover-96/startseite/verein/42,€2.00m,2000000,Germany,Second Tier
South Africa,South Africa,24,Olwethu Makhanya,1069801,https://www.transfermarkt.com/olwethu-makhanya/profil/spieler/1069801,Centre-Back,22,Philadelphia Union,25467,https://www.transfermarkt.com/philadelphia-union/startseite/verein/25467,€2.00m,2000000,United States,First Tier
South Africa,South Africa,19,Nkosinathi Sibisi,399068,https://www.transfermarkt.com/nkosinathi-sibisi/profil/spieler/399068,Centre-Back,30,Orlando Pirates,2557,https://www.transfermarkt.com/orlando-pirates/startseite/verein/2557,€1.60m,1600000,South Africa,First Tier
South Africa,South Africa,3,Khulumani Ndamane,1283140,https://www.transfermarkt.com/khulumani-ndamane/profil/spieler/1283140,Centre-Back,22,Mamelodi Sundowns FC,6356,https://www.transfermarkt.com/mamelodi-sundowns-fc/startseite/verein/6356,€1.20m,1200000,South Africa,First Tier
South Africa,South Africa,18,Samukele Kabini,1175086,https://www.transfermarkt.com/samukele-kabini/profil/spieler/1175086,Left-Back,22,Molde FK,687,https://www.transfermarkt.com/molde-fk/startseite/verein/687,€2.50m,2500000,Norway,First Tier
South Africa,South Africa,6,Aubrey Modiba,353432,https://www.transfermarkt.com/aubrey-modiba/profil/spieler/353432,Left-Back,30,Mamelodi Sundowns FC,6356,https://www.transfermarkt.com/mamelodi-sundowns-fc/startseite/verein/6356,€1.80m,1800000,South Africa,First Tier
South Africa,South Africa,26,Bradley Cross,555209,https://www.transfermarkt.com/bradley-cross/profil/spieler/555209,Left-Back,25,Kaizer Chiefs,568,https://www.transfermarkt.com/kaizer-chiefs/startseite/verein/568,€1.00m,1000000,South Africa,First Tier
South Africa,South Africa,2,Thabang Matuludi,1109254,https://www.transfermarkt.com/thabang-matuludi/profil/spieler/1109254,Right-Back,27,Polokwane City FC,21202,https://www.transfermarkt.com/polokwane-city-fc/startseite/verein/21202,€1.20m,1200000,South Africa,First Tier
South Africa,South Africa,20,Khuliso Mudau,450806,https://www.transfermarkt.com/khuliso-mudau/profil/spieler/450806,Right-Back,31,Mamelodi Sundowns FC,6356,https://www.transfermarkt.com/mamelodi-sundowns-fc/startseite/verein/6356,€1.20m,1200000,South Africa,First Tier
South Africa,South Africa,25,Kamogelo Sebelebele,994370,https://www.transfermarkt.com/kamogelo-sebelebele/profil/spieler/994370,Right-Back,23,Orlando Pirates,2557,https://www.transfermarkt.com/orlando-pirates/startseite/verein/2557,€1.20m,1200000,South Africa,First Tier
South Africa,South Africa,4,Teboho Mokoena,436372,https://www.transfermarkt.com/teboho-mokoena/profil/spieler/436372,Defensive Midfield,29,Mamelodi Sundowns FC,6356,https://www.transfermarkt.com/mamelodi-sundowns-fc/startseite/verein/6356,€2.80m,2800000,South Africa,First Tier
South Africa,South Africa,5,Thalente Mbatha,735697,https://www.transfermarkt.com/thalente-mbatha/profil/spieler/735697,Central Midfield,26,Orlando Pirates,2557,https://www.transfermarkt.com/orlando-pirates/startseite/verein/2557,€2.00m,2000000,South Africa,First Tier
South Africa,South Africa,23,Jayden Adams,804472,https://www.transfermarkt.com/jayden-adams/profil/spieler/804472,Central Midfield,25,Mamelodi Sundowns FC,6356,https://www.transfermarkt.com/mamelodi-sundowns-fc/startseite/verein/6356,€1.80m,1800000,South Africa,First Tier
South Africa,South Africa,13,Yaya Sithole,401736,https://www.transfermarkt.com/yaya-sithole/profil/spieler/401736,Central Midfield,27,CD Tondela,7179,https://www.transfermarkt.com/cd-tondela/startseite/verein/7179,€600k,600000,Portugal,First Tier
South Africa,South Africa,11,Themba Zwane,176578,https://www.transfermarkt.com/themba-zwane/profil/spieler/176578,Attacking Midfield,36,Mamelodi Sundowns FC,6356,https://www.transfermarkt.com/mamelodi-sundowns-fc/startseite/verein/6356,€250k,250000,South Africa,First Tier
South Africa,South Africa,10,Relebohile Mofokeng,1125037,https://www.transfermarkt.com/relebohile-mofokeng/profil/spieler/1125037,Left Winger,21,Orlando Pirates,2557,https://www.transfermarkt.com/orlando-pirates/startseite/verein/2557,€3.00m,3000000,South Africa,First Tier
South Africa,South Africa,7,Oswin Appollis,673381,https://www.transfermarkt.com/oswin-appollis/profil/spieler/673381,Left Winger,24,Orlando Pirates,2557,https://www.transfermarkt.com/orlando-pirates/startseite/verein/2557,€2.50m,2500000,South Africa,First Tier
South Africa,South Africa,8,Tshepang Moremi,844485,https://www.transfermarkt.com/tshepang-moremi/profil/spieler/844485,Left Winger,25,Orlando Pirates,2557,https://www.transfermarkt.com/orlando-pirates/startseite/verein/2557,€1.40m,1400000,South Africa,First Tier
South Africa,South Africa,12,Thapelo Maseko,983330,https://www.transfermarkt.com/thapelo-maseko/profil/spieler/983330,Left Winger,22,AEL Limassol,786,https://www.transfermarkt.com/ael-limassol/startseite/verein/786,€750k,750000,Cyprus,First Tier
South Africa,South Africa,9,Lyle Foster,467623,https://www.transfermarkt.com/lyle-foster/profil/spieler/467623,Centre-Forward,25,Burnley FC,1132,https://www.transfermarkt.com/fc-burnley/startseite/verein/1132,€8.00m,8000000,England,First Tier
South Africa,South Africa,15,Iqraam Rayners,337884,https://www.transfermarkt.com/iqraam-rayners/profil/spieler/337884,Centre-Forward,30,Mamelodi Sundowns FC,6356,https://www.transfermarkt.com/mamelodi-sundowns-fc/startseite/verein/6356,€2.80m,2800000,South Africa,First Tier
South Africa,South Africa,17,Evidence Makgopa,746781,https://www.transfermarkt.com/evidence-makgopa/profil/spieler/746781,Centre-Forward,26,Orlando Pirates,2557,https://www.transfermarkt.com/orlando-pirates/startseite/verein/2557,€1.40m,1400000,South Africa,First Tier
South Korea,South Korea,12,Bum-keun Song,508237,https://www.transfermarkt.com/bum-keun-song/profil/spieler/508237,Goalkeeper,28,Jeonbuk Hyundai Motors,6502,https://www.transfermarkt.com/jeonbuk-hyundai-motors/startseite/verein/6502,€1.00m,1000000,"Korea, South",First Tier
South Korea,South Korea,21,Hyeon-woo Jo,260171,https://www.transfermarkt.com/hyeon-woo-jo/profil/spieler/260171,Goalkeeper,34,Ulsan HD FC,3535,https://www.transfermarkt.com/ulsan-hyundai/startseite/verein/3535,€650k,650000,"Korea, South",First Tier
South Korea,South Korea,1,Seung-gyu Kim,92076,https://www.transfermarkt.com/seung-gyu-kim/profil/spieler/92076,Goalkeeper,35,FC Tokyo,6631,https://www.transfermarkt.com/fc-tokyo/startseite/verein/6631,€500k,500000,Japan,League Cup
South Korea,South Korea,4,Min-jae Kim,503482,https://www.transfermarkt.com/min-jae-kim/profil/spieler/503482,Centre-Back,29,Bayern Munich,27,https://www.transfermarkt.com/fc-bayern-munchen/startseite/verein/27,€20.00m,20000000,Germany,First Tier
South Korea,South Korea,2,Han-beom Lee,706963,https://www.transfermarkt.com/han-beom-lee/profil/spieler/706963,Centre-Back,23,FC Midtjylland,865,https://www.transfermarkt.com/fc-midtjylland/startseite/verein/865,€3.00m,3000000,Denmark,First Tier
South Korea,South Korea,5,Tae-hyeon Kim,645847,https://www.transfermarkt.com/tae-hyeon-kim/profil/spieler/645847,Centre-Back,25,Kashima Antlers,2241,https://www.transfermarkt.com/kashima-antlers/startseite/verein/2241,€1.20m,1200000,Japan,League Cup
South Korea,South Korea,3,Gi-hyuk Lee,763349,https://www.transfermarkt.com/gi-hyuk-lee/profil/spieler/763349,Centre-Back,25,Gangwon FC,21459,https://www.transfermarkt.com/gangwon-fc/startseite/verein/21459,€800k,800000,"Korea, South",First Tier
South Korea,South Korea,14,Wi-je Cho,550978,https://www.transfermarkt.com/wi-je-cho/profil/spieler/550978,Centre-Back,24,Jeonbuk Hyundai Motors,6502,https://www.transfermarkt.com/jeonbuk-hyundai-motors/startseite/verein/6502,€550k,550000,"Korea, South",First Tier
South Korea,South Korea,13,Tae-seok Lee,639027,https://www.transfermarkt.com/tae-seok-lee/profil/spieler/639027,Left-Back,23,Austria Vienna,14,https://www.transfermarkt.com/fk-austria-wien/startseite/verein/14,€2.00m,2000000,Austria,First Tier
South Korea,South Korea,22,Young-woo Seol,639414,https://www.transfermarkt.com/young-woo-seol/profil/spieler/639414,Right-Back,27,Red Star Belgrade,159,https://www.transfermarkt.com/roter-stern-belgrad/startseite/verein/159,€6.50m,6500000,Serbia,First Tier
South Korea,South Korea,15,Moon-hwan Kim,524592,https://www.transfermarkt.com/moon-hwan-kim/profil/spieler/524592,Right-Back,30,Daejeon Hana Citizen,6499,https://www.transfermarkt.com/daejeon-hana-citizen/startseite/verein/6499,€750k,750000,"Korea, South",First Tier
South Korea,South Korea,6,In-beom Hwang,365394,https://www.transfermarkt.com/in-beom-hwang/profil/spieler/365394,Defensive Midfield,29,Feyenoord Rotterdam,234,https://www.transfermarkt.com/feyenoord-rotterdam/startseite/verein/234,€7.00m,7000000,Netherlands,First Tier
South Korea,South Korea,16,Jin-seob Park,557469,https://www.transfermarkt.com/jin-seob-park/profil/spieler/557469,Defensive Midfield,30,Zhejiang FC,17276,https://www.transfermarkt.com/zhejiang-fc/startseite/verein/17276,€1.00m,1000000,China,First Tier
South Korea,South Korea,23,Jens Castrop,613192,https://www.transfermarkt.com/jens-castrop/profil/spieler/613192,Central Midfield,22,Borussia Mönchengladbach,18,https://www.transfermarkt.com/borussia-monchengladbach/startseite/verein/18,€10.00m,10000000,Germany,First Tier
South Korea,South Korea,8,Seung-ho Paik,282689,https://www.transfermarkt.com/seung-ho-paik/profil/spieler/282689,Central Midfield,29,Birmingham City,337,https://www.transfermarkt.com/birmingham-city/startseite/verein/337,€2.00m,2000000,England,Second Tier
South Korea,South Korea,24,Jin-gyu Kim,365377,https://www.transfermarkt.com/jin-gyu-kim/profil/spieler/365377,Central Midfield,29,Jeonbuk Hyundai Motors,6502,https://www.transfermarkt.com/jeonbuk-hyundai-motors/startseite/verein/6502,€1.20m,1200000,"Korea, South",First Tier
South Korea,South Korea,19,Kang-in Lee,557149,https://www.transfermarkt.com/kang-in-lee/profil/spieler/557149,Attacking Midfield,25,Paris Saint-Germain,583,https://www.transfermarkt.com/fc-paris-saint-germain/startseite/verein/583,€28.00m,28000000,France,First Tier
South Korea,South Korea,17,Jun-ho Bae,912081,https://www.transfermarkt.com/jun-ho-bae/profil/spieler/912081,Attacking Midfield,22,Stoke City,512,https://www.transfermarkt.com/stoke-city/startseite/verein/512,€4.00m,4000000,England,Second Tier
South Korea,South Korea,10,Jae-sung Lee,314398,https://www.transfermarkt.com/jae-sung-lee/profil/spieler/314398,Attacking Midfield,33,1.FSV Mainz 05,39,https://www.transfermarkt.com/1-fsv-mainz-05/startseite/verein/39,€2.00m,2000000,Germany,First Tier
South Korea,South Korea,26,Dong-gyeong Lee,558086,https://www.transfermarkt.com/dong-gyeong-lee/profil/spieler/558086,Attacking Midfield,28,Ulsan HD FC,3535,https://www.transfermarkt.com/ulsan-hyundai/startseite/verein/3535,€1.60m,1600000,"Korea, South",First Tier
South Korea,South Korea,7,Heung-min Son,91845,https://www.transfermarkt.com/heung-min-son/profil/spieler/91845,Left Winger,33,Los Angeles FC,51828,https://www.transfermarkt.com/los-angeles-fc/startseite/verein/51828,€15.00m,15000000,United States,First Tier
South Korea,South Korea,25,Ji-sung Eom,706968,https://www.transfermarkt.com/ji-sung-eom/profil/spieler/706968,Left Winger,24,Swansea City,2288,https://www.transfermarkt.com/swansea-city/startseite/verein/2288,€1.80m,1800000,England,Second Tier
South Korea,South Korea,20,Hyun-jun Yang,853110,https://www.transfermarkt.com/hyun-jun-yang/profil/spieler/853110,Right Winger,24,Celtic FC,371,https://www.transfermarkt.com/celtic-glasgow/startseite/verein/371,€5.00m,5000000,Scotland,First Tier
South Korea,South Korea,18,Hyeon-gyu Oh,639246,https://www.transfermarkt.com/hyeon-gyu-oh/profil/spieler/639246,Centre-Forward,25,Besiktas JK,114,https://www.transfermarkt.com/besiktas-istanbul/startseite/verein/114,€15.00m,15000000,Türkiye,First Tier
South Korea,South Korea,11,Hee-chan Hwang,292246,https://www.transfermarkt.com/hee-chan-hwang/profil/spieler/292246,Centre-Forward,30,Wolverhampton Wanderers,543,https://www.transfermarkt.com/wolverhampton-wanderers/startseite/verein/543,€6.00m,6000000,England,First Tier
South Korea,South Korea,9,Gue-sung Cho,652537,https://www.transfermarkt.com/gue-sung-cho/profil/spieler/652537,Centre-Forward,28,FC Midtjylland,865,https://www.transfermarkt.com/fc-midtjylland/startseite/verein/865,€2.50m,2500000,Denmark,First Tier
Spain,Spain,13,Joan García,561613,https://www.transfermarkt.com/joan-garcia/profil/spieler/561613,Goalkeeper,25,FC Barcelona,131,https://www.transfermarkt.com/fc-barcelona/startseite/verein/131,€45.00m,45000000,Spain,First Tier
Spain,Spain,1,David Raya,262749,https://www.transfermarkt.com/david-raya/profil/spieler/262749,Goalkeeper,30,Arsenal FC,11,https://www.transfermarkt.com/fc-arsenal/startseite/verein/11,€30.00m,30000000,England,First Tier
Spain,Spain,23,Unai Simón,262396,https://www.transfermarkt.com/unai-simon/profil/spieler/262396,Goalkeeper,28,Athletic Bilbao,621,https://www.transfermarkt.com/athletic-bilbao/startseite/verein/621,€22.00m,22000000,Spain,First Tier
Spain,Spain,22,Pau Cubarsí,962110,https://www.transfermarkt.com/pau-cubarsi/profil/spieler/962110,Centre-Back,19,FC Barcelona,131,https://www.transfermarkt.com/fc-barcelona/startseite/verein/131,€80.00m,80000000,Spain,First Tier
Spain,Spain,4,Eric García,466794,https://www.transfermarkt.com/eric-garcia/profil/spieler/466794,Centre-Back,25,FC Barcelona,131,https://www.transfermarkt.com/fc-barcelona/startseite/verein/131,€40.00m,40000000,Spain,First Tier
Spain,Spain,2,Marc Pubill,844637,https://www.transfermarkt.com/marc-pubill/profil/spieler/844637,Centre-Back,22,Atlético de Madrid,13,https://www.transfermarkt.com/atletico-madrid/startseite/verein/13,€35.00m,35000000,Spain,First Tier
Spain,Spain,14,Aymeric Laporte,176553,https://www.transfermarkt.com/aymeric-laporte/profil/spieler/176553,Centre-Back,32,Athletic Bilbao,621,https://www.transfermarkt.com/athletic-bilbao/startseite/verein/621,€8.00m,8000000,Spain,First Tier
Spain,Spain,24,Marc Cucurella,284857,https://www.transfermarkt.com/marc-cucurella/profil/spieler/284857,Left-Back,27,Chelsea FC,631,https://www.transfermarkt.com/fc-chelsea/startseite/verein/631,€50.00m,50000000,England,First Tier
Spain,Spain,3,Alejandro Grimaldo,193082,https://www.transfermarkt.com/alejandro-grimaldo/profil/spieler/193082,Left-Back,30,Bayer 04 Leverkusen,15,https://www.transfermarkt.com/bayer-04-leverkusen/startseite/verein/15,€20.00m,20000000,Germany,First Tier
Spain,Spain,12,Pedro Porro,553875,https://www.transfermarkt.com/pedro-porro/profil/spieler/553875,Right-Back,26,Tottenham Hotspur,148,https://www.transfermarkt.com/tottenham-hotspur/startseite/verein/148,€35.00m,35000000,England,First Tier
Spain,Spain,5,Marcos Llorente,282411,https://www.transfermarkt.com/marcos-llorente/profil/spieler/282411,Right-Back,31,Atlético de Madrid,13,https://www.transfermarkt.com/atletico-madrid/startseite/verein/13,€20.00m,20000000,Spain,First Tier
Spain,Spain,18,Martín Zubimendi,423440,https://www.transfermarkt.com/martin-zubimendi/profil/spieler/423440,Defensive Midfield,27,Arsenal FC,11,https://www.transfermarkt.com/fc-arsenal/startseite/verein/11,€75.00m,75000000,England,First Tier
Spain,Spain,16,Rodri,357565,https://www.transfermarkt.com/rodri/profil/spieler/357565,Defensive Midfield,29,Manchester City,281,https://www.transfermarkt.com/manchester-city/startseite/verein/281,€50.00m,50000000,England,First Tier
Spain,Spain,20,Pedri,683840,https://www.transfermarkt.com/pedri/profil/spieler/683840,Central Midfield,23,FC Barcelona,131,https://www.transfermarkt.com/fc-barcelona/startseite/verein/131,€150.00m,150000000,Spain,First Tier
Spain,Spain,8,Fabián Ruiz,350219,https://www.transfermarkt.com/fabian-ruiz/profil/spieler/350219,Central Midfield,30,Paris Saint-Germain,583,https://www.transfermarkt.com/fc-paris-saint-germain/startseite/verein/583,€30.00m,30000000,France,First Tier
Spain,Spain,9,Gavi,646740,https://www.transfermarkt.com/gavi/profil/spieler/646740,Central Midfield,21,FC Barcelona,131,https://www.transfermarkt.com/fc-barcelona/startseite/verein/131,€30.00m,30000000,Spain,First Tier
Spain,Spain,6,Mikel Merino,338424,https://www.transfermarkt.com/mikel-merino/profil/spieler/338424,Central Midfield,29,Arsenal FC,11,https://www.transfermarkt.com/fc-arsenal/startseite/verein/11,€25.00m,25000000,England,First Tier
Spain,Spain,10,Dani Olmo,293385,https://www.transfermarkt.com/dani-olmo/profil/spieler/293385,Attacking Midfield,28,FC Barcelona,131,https://www.transfermarkt.com/fc-barcelona/startseite/verein/131,€60.00m,60000000,Spain,First Tier
Spain,Spain,15,Álex Baena,548111,https://www.transfermarkt.com/alex-baena/profil/spieler/548111,Left Winger,24,Atlético de Madrid,13,https://www.transfermarkt.com/atletico-madrid/startseite/verein/13,€40.00m,40000000,Spain,First Tier
Spain,Spain,17,Nico Williams,709187,https://www.transfermarkt.com/nico-williams/profil/spieler/709187,Left Winger,23,Athletic Bilbao,621,https://www.transfermarkt.com/athletic-bilbao/startseite/verein/621,€40.00m,40000000,Spain,First Tier
Spain,Spain,25,Víctor Muñoz,935231,https://www.transfermarkt.com/victor-munoz/profil/spieler/935231,Left Winger,22,CA Osasuna,331,https://www.transfermarkt.com/ca-osasuna/startseite/verein/331,€30.00m,30000000,Spain,First Tier
Spain,Spain,19,Lamine Yamal,937958,https://www.transfermarkt.com/lamine-yamal/profil/spieler/937958,Right Winger,18,FC Barcelona,131,https://www.transfermarkt.com/fc-barcelona/startseite/verein/131,€200.00m,200000000,Spain,First Tier
Spain,Spain,11,Yéremy Pino,568157,https://www.transfermarkt.com/yeremy-pino/profil/spieler/568157,Right Winger,23,Crystal Palace,873,https://www.transfermarkt.com/crystal-palace/startseite/verein/873,€30.00m,30000000,England,First Tier
Spain,Spain,7,Ferran Torres,398184,https://www.transfermarkt.com/ferran-torres/profil/spieler/398184,Centre-Forward,26,FC Barcelona,131,https://www.transfermarkt.com/fc-barcelona/startseite/verein/131,€50.00m,50000000,Spain,First Tier
Spain,Spain,21,Mikel Oyarzabal,351478,https://www.transfermarkt.com/mikel-oyarzabal/profil/spieler/351478,Centre-Forward,29,Real Sociedad,681,https://www.transfermarkt.com/real-sociedad-san-sebastian/startseite/verein/681,€25.00m,25000000,Spain,First Tier
Spain,Spain,26,Borja Iglesias,278359,https://www.transfermarkt.com/borja-iglesias/profil/spieler/278359,Centre-Forward,33,Celta de Vigo,940,https://www.transfermarkt.com/celta-vigo/startseite/verein/940,€2.80m,2800000,Spain,First Tier
Sweden,Sweden,12,Viktor Johansson,273742,https://www.transfermarkt.com/viktor-johansson/profil/spieler/273742,Goalkeeper,27,Stoke City,512,https://www.transfermarkt.com/stoke-city/startseite/verein/512,€12.00m,12000000,England,Second Tier
Sweden,Sweden,1,Jacob Widell Zetterström,549440,https://www.transfermarkt.com/jacob-widell-zetterstrom/profil/spieler/549440,Goalkeeper,27,Derby County,22,https://www.transfermarkt.com/derby-county/startseite/verein/22,€2.50m,2500000,England,Second Tier
Sweden,Sweden,23,Kristoffer Nordfeldt,75890,https://www.transfermarkt.com/kristoffer-nordfeldt/profil/spieler/75890,Goalkeeper,36,AIK,272,https://www.transfermarkt.com/aik-solna/startseite/verein/272,€175k,175000,Sweden,First Tier
Sweden,Sweden,4,Isak Hien,503075,https://www.transfermarkt.com/isak-hien/profil/spieler/503075,Centre-Back,27,Atalanta BC,800,https://www.transfermarkt.com/atalanta-bergamo/startseite/verein/800,€22.00m,22000000,Italy,First Tier
Sweden,Sweden,2,Gustaf Lagerbielke,485395,https://www.transfermarkt.com/gustaf-lagerbielke/profil/spieler/485395,Centre-Back,26,SC Braga,1075,https://www.transfermarkt.com/sc-braga/startseite/verein/1075,€10.00m,10000000,Portugal,First Tier
Sweden,Sweden,3,Victor Lindelöf,184573,https://www.transfermarkt.com/victor-lindelof/profil/spieler/184573,Centre-Back,31,Aston Villa,405,https://www.transfermarkt.com/aston-villa/startseite/verein/405,€5.00m,5000000,England,First Tier
Sweden,Sweden,14,Hjalmar Ekdal,392179,https://www.transfermarkt.com/hjalmar-ekdal/profil/spieler/392179,Centre-Back,27,Burnley FC,1132,https://www.transfermarkt.com/fc-burnley/startseite/verein/1132,€5.00m,5000000,England,First Tier
Sweden,Sweden,20,Eric Smith,292534,https://www.transfermarkt.com/eric-smith/profil/spieler/292534,Centre-Back,29,FC St. Pauli,35,https://www.transfermarkt.com/fc-st-pauli/startseite/verein/35,€5.00m,5000000,Germany,First Tier
Sweden,Sweden,15,Carl Starfelt,258987,https://www.transfermarkt.com/carl-starfelt/profil/spieler/258987,Centre-Back,31,Celta de Vigo,940,https://www.transfermarkt.com/celta-vigo/startseite/verein/940,€4.50m,4500000,Spain,First Tier
Sweden,Sweden,8,Daniel Svensson,579287,https://www.transfermarkt.com/daniel-svensson/profil/spieler/579287,Left-Back,24,Borussia Dortmund,16,https://www.transfermarkt.com/borussia-dortmund/startseite/verein/16,€22.00m,22000000,Germany,First Tier
Sweden,Sweden,5,Gabriel Gudmundsson,362108,https://www.transfermarkt.com/gabriel-gudmundsson/profil/spieler/362108,Left-Back,27,Leeds United,399,https://www.transfermarkt.com/leeds-united/startseite/verein/399,€20.00m,20000000,England,First Tier
Sweden,Sweden,13,Ken Sema,252345,https://www.transfermarkt.com/ken-sema/profil/spieler/252345,Left-Back,32,Pafos FC,45457,https://www.transfermarkt.com/pafos-fc/startseite/verein/45457,€800k,800000,Cyprus,First Tier
Sweden,Sweden,16,Jesper Karlström,222855,https://www.transfermarkt.com/jesper-karlstrom/profil/spieler/222855,Defensive Midfield,30,Udinese Calcio,410,https://www.transfermarkt.com/udinese-calcio/startseite/verein/410,€4.00m,4000000,Italy,First Tier
Sweden,Sweden,7,Lucas Bergvall,866246,https://www.transfermarkt.com/lucas-bergvall/profil/spieler/866246,Central Midfield,20,Tottenham Hotspur,148,https://www.transfermarkt.com/tottenham-hotspur/startseite/verein/148,€35.00m,35000000,England,First Tier
Sweden,Sweden,18,Yasin Ayari,667287,https://www.transfermarkt.com/yasin-ayari/profil/spieler/667287,Central Midfield,22,Brighton & Hove Albion,1237,https://www.transfermarkt.com/brighton-amp-hove-albion/startseite/verein/1237,€35.00m,35000000,England,First Tier
Sweden,Sweden,19,Mattias Svanberg,342405,https://www.transfermarkt.com/mattias-svanberg/profil/spieler/342405,Central Midfield,27,VfL Wolfsburg,82,https://www.transfermarkt.com/vfl-wolfsburg/startseite/verein/82,€8.00m,8000000,Germany,First Tier
Sweden,Sweden,22,Besfort Zeneli,715653,https://www.transfermarkt.com/besfort-zeneli/profil/spieler/715653,Central Midfield,23,Union Saint-Gilloise,3948,https://www.transfermarkt.com/royale-union-saint-gilloise/startseite/verein/3948,€6.00m,6000000,Belgium,First Tier
Sweden,Sweden,6,Herman Johansson,744853,https://www.transfermarkt.com/herman-johansson/profil/spieler/744853,Right Midfield,28,FC Dallas,8816,https://www.transfermarkt.com/fc-dallas/startseite/verein/8816,€1.80m,1800000,United States,First Tier
Sweden,Sweden,24,Elliot Stroud,687622,https://www.transfermarkt.com/elliot-stroud/profil/spieler/687622,Left Midfield,23,Mjällby AIF,2719,https://www.transfermarkt.com/mjallby-aif/startseite/verein/2719,€5.00m,5000000,Sweden,First Tier
Sweden,Sweden,10,Benjamin Nygren,475949,https://www.transfermarkt.com/benjamin-nygren/profil/spieler/475949,Attacking Midfield,24,Celtic FC,371,https://www.transfermarkt.com/celtic-glasgow/startseite/verein/371,€14.00m,14000000,Scotland,First Tier
Sweden,Sweden,26,Taha Ali,731771,https://www.transfermarkt.com/taha-ali/profil/spieler/731771,Left Winger,27,Malmö FF,496,https://www.transfermarkt.com/malmo-ff/startseite/verein/496,€1.50m,1500000,Sweden,First Tier
Sweden,Sweden,11,Anthony Elanga,583189,https://www.transfermarkt.com/anthony-elanga/profil/spieler/583189,Right Winger,24,Newcastle United,762,https://www.transfermarkt.com/newcastle-united/startseite/verein/762,€32.00m,32000000,England,First Tier
Sweden,Sweden,21,Alexander Bernhardsson,633454,https://www.transfermarkt.com/alexander-bernhardsson/profil/spieler/633454,Right Winger,27,Holstein Kiel,269,https://www.transfermarkt.com/holstein-kiel/startseite/verein/269,€3.00m,3000000,Germany,Second Tier
Sweden,Sweden,9,Alexander Isak,349066,https://www.transfermarkt.com/alexander-isak/profil/spieler/349066,Centre-Forward,26,Liverpool FC,31,https://www.transfermarkt.com/fc-liverpool/startseite/verein/31,€85.00m,85000000,England,First Tier
Sweden,Sweden,17,Viktor Gyökeres,325443,https://www.transfermarkt.com/viktor-gyokeres/profil/spieler/325443,Centre-Forward,28,Arsenal FC,11,https://www.transfermarkt.com/fc-arsenal/startseite/verein/11,€65.00m,65000000,England,First Tier
Sweden,Sweden,25,Gustaf Nilsson,320440,https://www.transfermarkt.com/gustaf-nilsson/profil/spieler/320440,Centre-Forward,29,Club Brugge KV,2282,https://www.transfermarkt.com/fc-brugge/startseite/verein/2282,€1.80m,1800000,Belgium,First Tier
Switzerland,Switzerland,1,Gregor Kobel,257814,https://www.transfermarkt.com/gregor-kobel/profil/spieler/257814,Goalkeeper,28,Borussia Dortmund,16,https://www.transfermarkt.com/borussia-dortmund/startseite/verein/16,€40.00m,40000000,Germany,First Tier
Switzerland,Switzerland,21,Marvin Keller,500763,https://www.transfermarkt.com/marvin-keller/profil/spieler/500763,Goalkeeper,23,BSC Young Boys,452,https://www.transfermarkt.com/bsc-young-boys/startseite/verein/452,€6.00m,6000000,Switzerland,First Tier
Switzerland,Switzerland,12,Yvon Mvogo,147051,https://www.transfermarkt.com/yvon-mvogo/profil/spieler/147051,Goalkeeper,31,FC Lorient,1158,https://www.transfermarkt.com/fc-lorient/startseite/verein/1158,€2.50m,2500000,France,First Tier
Switzerland,Switzerland,5,Manuel Akanji,284730,https://www.transfermarkt.com/manuel-akanji/profil/spieler/284730,Centre-Back,30,Inter Milan,46,https://www.transfermarkt.com/inter-mailand/startseite/verein/46,€17.00m,17000000,Italy,First Tier
Switzerland,Switzerland,24,Aurèle Amenda,635645,https://www.transfermarkt.com/aurele-amenda/profil/spieler/635645,Centre-Back,22,Eintracht Frankfurt,24,https://www.transfermarkt.com/eintracht-frankfurt/startseite/verein/24,€10.00m,10000000,Germany,First Tier
Switzerland,Switzerland,25,Luca Jaquez,539798,https://www.transfermarkt.com/luca-jaquez/profil/spieler/539798,Centre-Back,23,VfB Stuttgart,79,https://www.transfermarkt.com/vfb-stuttgart/startseite/verein/79,€10.00m,10000000,Germany,First Tier
Switzerland,Switzerland,4,Nico Elvedi,192635,https://www.transfermarkt.com/nico-elvedi/profil/spieler/192635,Centre-Back,29,Borussia Mönchengladbach,18,https://www.transfermarkt.com/borussia-monchengladbach/startseite/verein/18,€8.00m,8000000,Germany,First Tier
Switzerland,Switzerland,18,Eray Cömert,298583,https://www.transfermarkt.com/eray-comert/profil/spieler/298583,Centre-Back,28,Valencia CF,1049,https://www.transfermarkt.com/fc-valencia/startseite/verein/1049,€2.50m,2500000,Spain,First Tier
Switzerland,Switzerland,2,Miro Muheim,298603,https://www.transfermarkt.com/miro-muheim/profil/spieler/298603,Left-Back,28,Hamburger SV,41,https://www.transfermarkt.com/hamburger-sv/startseite/verein/41,€5.00m,5000000,Germany,First Tier
Switzerland,Switzerland,13,Ricardo Rodríguez,86784,https://www.transfermarkt.com/ricardo-rodriguez/profil/spieler/86784,Left-Back,33,Real Betis Balompié,150,https://www.transfermarkt.com/real-betis-sevilla/startseite/verein/150,€1.40m,1400000,Spain,First Tier
Switzerland,Switzerland,3,Silvan Widmer,168989,https://www.transfermarkt.com/silvan-widmer/profil/spieler/168989,Right-Back,33,1.FSV Mainz 05,39,https://www.transfermarkt.com/1-fsv-mainz-05/startseite/verein/39,€800k,800000,Germany,First Tier
Switzerland,Switzerland,6,Denis Zakaria,334526,https://www.transfermarkt.com/denis-zakaria/profil/spieler/334526,Defensive Midfield,29,AS Monaco,162,https://www.transfermarkt.com/as-monaco/startseite/verein/162,€25.00m,25000000,France,First Tier
Switzerland,Switzerland,14,Ardon Jashari,608172,https://www.transfermarkt.com/ardon-jashari/profil/spieler/608172,Defensive Midfield,23,AC Milan,5,https://www.transfermarkt.com/ac-mailand/startseite/verein/5,€25.00m,25000000,Italy,First Tier
Switzerland,Switzerland,10,Granit Xhaka,111455,https://www.transfermarkt.com/granit-xhaka/profil/spieler/111455,Defensive Midfield,33,Sunderland AFC,289,https://www.transfermarkt.com/afc-sunderland/startseite/verein/289,€8.00m,8000000,England,First Tier
Switzerland,Switzerland,9,Johan Manzambi,927353,https://www.transfermarkt.com/johan-manzambi/profil/spieler/927353,Central Midfield,20,SC Freiburg,60,https://www.transfermarkt.com/sc-freiburg/startseite/verein/60,€50.00m,50000000,Germany,First Tier
Switzerland,Switzerland,15,Djibril Sow,212723,https://www.transfermarkt.com/djibril-sow/profil/spieler/212723,Central Midfield,29,Sevilla FC,368,https://www.transfermarkt.com/fc-sevilla/startseite/verein/368,€7.50m,7500000,Spain,First Tier
Switzerland,Switzerland,20,Michel Aebischer,237658,https://www.transfermarkt.com/michel-aebischer/profil/spieler/237658,Central Midfield,29,Pisa Sporting Club,4172,https://www.transfermarkt.com/ac-pisa-1909/startseite/verein/4172,€4.00m,4000000,Italy,First Tier
Switzerland,Switzerland,8,Remo Freuler,148252,https://www.transfermarkt.com/remo-freuler/profil/spieler/148252,Central Midfield,34,Bologna FC 1909,1025,https://www.transfermarkt.com/fc-bologna/startseite/verein/1025,€3.00m,3000000,Italy,First Tier
Switzerland,Switzerland,22,Fabian Rieder,507341,https://www.transfermarkt.com/fabian-rieder/profil/spieler/507341,Attacking Midfield,24,FC Augsburg,167,https://www.transfermarkt.com/fc-augsburg/startseite/verein/167,€12.00m,12000000,Germany,First Tier
Switzerland,Switzerland,16,Christian Fassnacht,250490,https://www.transfermarkt.com/christian-fassnacht/profil/spieler/250490,Attacking Midfield,32,BSC Young Boys,452,https://www.transfermarkt.com/bsc-young-boys/startseite/verein/452,€2.00m,2000000,Switzerland,First Tier
Switzerland,Switzerland,19,Noah Okafor,346890,https://www.transfermarkt.com/noah-okafor/profil/spieler/346890,Left Winger,26,Leeds United,399,https://www.transfermarkt.com/leeds-united/startseite/verein/399,€25.00m,25000000,England,First Tier
Switzerland,Switzerland,17,Rubén Vargas,345886,https://www.transfermarkt.com/ruben-vargas/profil/spieler/345886,Left Winger,27,Sevilla FC,368,https://www.transfermarkt.com/fc-sevilla/startseite/verein/368,€12.00m,12000000,Spain,First Tier
Switzerland,Switzerland,11,Dan Ndoye,365108,https://www.transfermarkt.com/dan-ndoye/profil/spieler/365108,Right Winger,25,Nottingham Forest,703,https://www.transfermarkt.com/nottingham-forest/startseite/verein/703,€32.00m,32000000,England,First Tier
Switzerland,Switzerland,7,Breel Embolo,237662,https://www.transfermarkt.com/breel-embolo/profil/spieler/237662,Centre-Forward,29,Stade Rennais FC,273,https://www.transfermarkt.com/fc-stade-rennes/startseite/verein/273,€15.00m,15000000,France,First Tier
Switzerland,Switzerland,23,Zeki Amdouni,548729,https://www.transfermarkt.com/zeki-amdouni/profil/spieler/548729,Centre-Forward,25,Burnley FC,1132,https://www.transfermarkt.com/fc-burnley/startseite/verein/1132,€7.00m,7000000,England,First Tier
Switzerland,Switzerland,26,Cedric Itten,243856,https://www.transfermarkt.com/cedric-itten/profil/spieler/243856,Centre-Forward,29,Fortuna Düsseldorf,38,https://www.transfermarkt.com/fortuna-dusseldorf/startseite/verein/38,€1.80m,1800000,Germany,Second Tier
Tunisia,Tunisia,1,Abdelmouhib Chamakh,584250,https://www.transfermarkt.com/abdelmouhib-chamakh/profil/spieler/584250,Goalkeeper,24,Club Africain,819,https://www.transfermarkt.com/club-africain-tunis/startseite/verein/819,€800k,800000,Tunisia,First Tier
Tunisia,Tunisia,16,Aymen Dahmen,569433,https://www.transfermarkt.com/aymen-dahmen/profil/spieler/569433,Goalkeeper,29,CS Sfaxien,581,https://www.transfermarkt.com/club-sportif-sfaxien/startseite/verein/581,€800k,800000,Tunisia,First Tier
Tunisia,Tunisia,22,Sabri Ben Hessen,295381,https://www.transfermarkt.com/sabri-ben-hessen/profil/spieler/295381,Goalkeeper,29,Etoile Sportive du Sahel,250,https://www.transfermarkt.com/etoile-sportive-du-sahel/startseite/verein/250,€550k,550000,Tunisia,First Tier
Tunisia,Tunisia,3,Montassar Talbi,496706,https://www.transfermarkt.com/montassar-talbi/profil/spieler/496706,Centre-Back,28,FC Lorient,1158,https://www.transfermarkt.com/fc-lorient/startseite/verein/1158,€8.00m,8000000,France,First Tier
Tunisia,Tunisia,5,Adem Arous,1071742,https://www.transfermarkt.com/adem-arous/profil/spieler/1071742,Centre-Back,21,Kasimpasa,10484,https://www.transfermarkt.com/kasimpasa/startseite/verein/10484,€4.00m,4000000,Türkiye,First Tier
Tunisia,Tunisia,6,Dylan Bronn,450417,https://www.transfermarkt.com/dylan-bronn/profil/spieler/450417,Centre-Back,30,Servette FC,61,https://www.transfermarkt.com/servette-fc/startseite/verein/61,€600k,600000,Switzerland,First Tier
Tunisia,Tunisia,24,Raed Chikhaoui,1075790,https://www.transfermarkt.com/raed-chikhaoui/profil/spieler/1075790,Centre-Back,21,US Monastir,9890,https://www.transfermarkt.com/us-monastir/startseite/verein/9890,€600k,600000,Tunisia,First Tier
Tunisia,Tunisia,4,Omar Rekik,578292,https://www.transfermarkt.com/omar-rekik/profil/spieler/578292,Centre-Back,24,NK Maribor,790,https://www.transfermarkt.com/nk-maribor/startseite/verein/790,€500k,500000,Slovenia,First Tier
Tunisia,Tunisia,2,Ali Abdi,211474,https://www.transfermarkt.com/ali-abdi/profil/spieler/211474,Left-Back,32,OGC Nice,417,https://www.transfermarkt.com/ogc-nizza/startseite/verein/417,€2.00m,2000000,France,First Tier
Tunisia,Tunisia,21,Mohamed Amine Ben Hamida,454495,https://www.transfermarkt.com/mohamed-amine-ben-hamida/profil/spieler/454495,Left-Back,30,Esperance Tunis,3342,https://www.transfermarkt.com/esperance-tunis/startseite/verein/3342,€1.00m,1000000,Tunisia,First Tier
Tunisia,Tunisia,20,Yan Valery,406008,https://www.transfermarkt.com/yan-valery/profil/spieler/406008,Right-Back,27,BSC Young Boys,452,https://www.transfermarkt.com/bsc-young-boys/startseite/verein/452,€1.50m,1500000,Switzerland,First Tier
Tunisia,Tunisia,23,Moutaz Neffati,1034598,https://www.transfermarkt.com/moutaz-neffati/profil/spieler/1034598,Right-Back,21,IFK Norrköping,2844,https://www.transfermarkt.com/ifk-norrkoping/startseite/verein/2844,€1.20m,1200000,Sweden,Second Tier
Tunisia,Tunisia,17,Ellyes Skhiri,290587,https://www.transfermarkt.com/ellyes-skhiri/profil/spieler/290587,Defensive Midfield,31,Eintracht Frankfurt,24,https://www.transfermarkt.com/eintracht-frankfurt/startseite/verein/24,€5.00m,5000000,Germany,First Tier
Tunisia,Tunisia,13,Rani Khedira,124410,https://www.transfermarkt.com/rani-khedira/profil/spieler/124410,Defensive Midfield,32,1.FC Union Berlin,89,https://www.transfermarkt.com/1-fc-union-berlin/startseite/verein/89,€2.00m,2000000,Germany,First Tier
Tunisia,Tunisia,15,Mohamed Belhadj Mahmoud,673513,https://www.transfermarkt.com/mohamed-belhadj-mahmoud/profil/spieler/673513,Defensive Midfield,26,FC Lugano,2790,https://www.transfermarkt.com/fc-lugano/startseite/verein/2790,€2.00m,2000000,Switzerland,First Tier
Tunisia,Tunisia,25,Anis Ben Slimane,546712,https://www.transfermarkt.com/anis-ben-slimane/profil/spieler/546712,Central Midfield,25,Norwich City,1123,https://www.transfermarkt.com/norwich-city/startseite/verein/1123,€4.00m,4000000,England,Second Tier
Tunisia,Tunisia,10,Hannibal,607224,https://www.transfermarkt.com/hannibal/profil/spieler/607224,Attacking Midfield,23,Burnley FC,1132,https://www.transfermarkt.com/fc-burnley/startseite/verein/1132,€15.00m,15000000,England,First Tier
Tunisia,Tunisia,11,Ismaël Gharbi,810096,https://www.transfermarkt.com/ismael-gharbi/profil/spieler/810096,Left Winger,22,FC Augsburg,167,https://www.transfermarkt.com/fc-augsburg/startseite/verein/167,€5.00m,5000000,Germany,First Tier
Tunisia,Tunisia,26,Sebastian Tounekti,539677,https://www.transfermarkt.com/sebastian-tounekti/profil/spieler/539677,Left Winger,23,Celtic FC,371,https://www.transfermarkt.com/celtic-glasgow/startseite/verein/371,€5.00m,5000000,Scotland,First Tier
Tunisia,Tunisia,7,Elias Achouri,645589,https://www.transfermarkt.com/elias-achouri/profil/spieler/645589,Left Winger,27,FC Copenhagen,190,https://www.transfermarkt.com/fc-kopenhagen/startseite/verein/190,€3.00m,3000000,Denmark,First Tier
Tunisia,Tunisia,8,Elias Saad,526466,https://www.transfermarkt.com/elias-saad/profil/spieler/526466,Left Winger,26,Hannover 96,42,https://www.transfermarkt.com/hannover-96/startseite/verein/42,€2.00m,2000000,Germany,Second Tier
Tunisia,Tunisia,12,Mortadha Ben Ouanes,230921,https://www.transfermarkt.com/mortadha-ben-ouanes/profil/spieler/230921,Left Winger,31,Kasimpasa,10484,https://www.transfermarkt.com/kasimpasa/startseite/verein/10484,€1.50m,1500000,Türkiye,First Tier
Tunisia,Tunisia,14,Khalil Ayari,1198342,https://www.transfermarkt.com/khalil-ayari/profil/spieler/1198342,Right Winger,21,Paris Saint-Germain Espoirs,43570,https://www.transfermarkt.com/fc-paris-saint-germain-c/startseite/verein/43570,€1.00m,1000000,,
Tunisia,Tunisia,19,Firas Chaouat,402087,https://www.transfermarkt.com/firas-chaouat/profil/spieler/402087,Centre-Forward,30,Club Africain,819,https://www.transfermarkt.com/club-africain-tunis/startseite/verein/819,€1.20m,1200000,Tunisia,First Tier
Tunisia,Tunisia,9,Hazem Mastouri,953150,https://www.transfermarkt.com/hazem-mastouri/profil/spieler/953150,Centre-Forward,28,Dinamo Makhachkala,75231,https://www.transfermarkt.com/fk-makhachkala/startseite/verein/75231,€900k,900000,Russia,First Tier
Tunisia,Tunisia,18,Rayan Elloumi,1273985,https://www.transfermarkt.com/rayan-elloumi/profil/spieler/1273985,Centre-Forward,18,Vancouver Whitecaps FC,6321,https://www.transfermarkt.com/vancouver-whitecaps-fc/startseite/verein/6321,€800k,800000,United States,First Tier
Turkey,Turkiye,23,Uğurcan Çakır,292199,https://www.transfermarkt.com/ugurcan-cakir/profil/spieler/292199,Goalkeeper,30,Galatasaray,141,https://www.transfermarkt.com/galatasaray-istanbul/startseite/verein/141,€15.00m,15000000,Türkiye,First Tier
Turkey,Turkiye,12,Altay Bayındır,336077,https://www.transfermarkt.com/altay-bayindir/profil/spieler/336077,Goalkeeper,28,Manchester United,985,https://www.transfermarkt.com/manchester-united/startseite/verein/985,€5.00m,5000000,England,First Tier
Turkey,Turkiye,1,Mert Günok,51894,https://www.transfermarkt.com/mert-gunok/profil/spieler/51894,Goalkeeper,37,Fenerbahce,36,https://www.transfermarkt.com/fenerbahce-istanbul/startseite/verein/36,€500k,500000,Türkiye,First Tier
Turkey,Turkiye,15,Ozan Kabak,361260,https://www.transfermarkt.com/ozan-kabak/profil/spieler/361260,Centre-Back,26,TSG 1899 Hoffenheim,533,https://www.transfermarkt.com/tsg-1899-hoffenheim/startseite/verein/533,€15.00m,15000000,Germany,First Tier
Turkey,Turkiye,3,Merih Demiral,340879,https://www.transfermarkt.com/merih-demiral/profil/spieler/340879,Centre-Back,28,Al-Ahli SFC,18487,https://www.transfermarkt.com/al-ahli-dschidda/startseite/verein/18487,€12.00m,12000000,Saudi Arabia,First Tier
Turkey,Turkiye,14,Abdülkerim Bardakcı,199316,https://www.transfermarkt.com/abdulkerim-bardakci/profil/spieler/199316,Centre-Back,31,Galatasaray,141,https://www.transfermarkt.com/galatasaray-istanbul/startseite/verein/141,€6.50m,6500000,Türkiye,First Tier
Turkey,Turkiye,4,Çağlar Söyüncü,320141,https://www.transfermarkt.com/caglar-soyuncu/profil/spieler/320141,Centre-Back,30,Fenerbahce,36,https://www.transfermarkt.com/fenerbahce-istanbul/startseite/verein/36,€3.50m,3500000,Türkiye,First Tier
Turkey,Turkiye,25,Samet Akaydin,295024,https://www.transfermarkt.com/samet-akaydin/profil/spieler/295024,Centre-Back,32,Caykur Rizespor,126,https://www.transfermarkt.com/caykur-rizespor/startseite/verein/126,€1.20m,1200000,Türkiye,First Tier
Turkey,Turkiye,20,Ferdi Kadıoğlu,369316,https://www.transfermarkt.com/ferdi-kadioglu/profil/spieler/369316,Left-Back,26,Brighton & Hove Albion,1237,https://www.transfermarkt.com/brighton-amp-hove-albion/startseite/verein/1237,€35.00m,35000000,England,First Tier
Turkey,Turkiye,13,Eren Elmalı,616894,https://www.transfermarkt.com/eren-elmali/profil/spieler/616894,Left-Back,25,Galatasaray,141,https://www.transfermarkt.com/galatasaray-istanbul/startseite/verein/141,€5.00m,5000000,Türkiye,First Tier
Turkey,Turkiye,2,Zeki Çelik,251075,https://www.transfermarkt.com/zeki-celik/profil/spieler/251075,Right-Back,29,AS Roma,12,https://www.transfermarkt.com/as-rom/startseite/verein/12,€14.00m,14000000,Italy,First Tier
Turkey,Turkiye,18,Mert Müldür,353922,https://www.transfermarkt.com/mert-muldur/profil/spieler/353922,Right-Back,27,Fenerbahce,36,https://www.transfermarkt.com/fenerbahce-istanbul/startseite/verein/36,€7.00m,7000000,Türkiye,First Tier
Turkey,Turkiye,10,Hakan Çalhanoğlu,126414,https://www.transfermarkt.com/hakan-calhanoglu/profil/spieler/126414,Defensive Midfield,32,Inter Milan,46,https://www.transfermarkt.com/inter-mailand/startseite/verein/46,€16.00m,16000000,Italy,First Tier
Turkey,Turkiye,16,İsmail Yüksek,613725,https://www.transfermarkt.com/ismail-yuksek/profil/spieler/613725,Defensive Midfield,27,Fenerbahce,36,https://www.transfermarkt.com/fenerbahce-istanbul/startseite/verein/36,€15.00m,15000000,Türkiye,First Tier
Turkey,Turkiye,5,Salih Özcan,244940,https://www.transfermarkt.com/salih-ozcan/profil/spieler/244940,Defensive Midfield,28,Borussia Dortmund,16,https://www.transfermarkt.com/borussia-dortmund/startseite/verein/16,€3.50m,3500000,Germany,First Tier
Turkey,Turkiye,22,Kaan Ayhan,119031,https://www.transfermarkt.com/kaan-ayhan/profil/spieler/119031,Defensive Midfield,31,Galatasaray,141,https://www.transfermarkt.com/galatasaray-istanbul/startseite/verein/141,€1.50m,1500000,Türkiye,First Tier
Turkey,Turkiye,6,Orkun Kökçü,454567,https://www.transfermarkt.com/orkun-kokcu/profil/spieler/454567,Central Midfield,25,Besiktas JK,114,https://www.transfermarkt.com/besiktas-istanbul/startseite/verein/114,€25.00m,25000000,Türkiye,First Tier
Turkey,Turkiye,8,Arda Güler,861410,https://www.transfermarkt.com/arda-guler/profil/spieler/861410,Attacking Midfield,21,Real Madrid,418,https://www.transfermarkt.com/real-madrid/startseite/verein/418,€90.00m,90000000,Spain,First Tier
Turkey,Turkiye,26,Can Uzun,816585,https://www.transfermarkt.com/can-uzun/profil/spieler/816585,Attacking Midfield,20,Eintracht Frankfurt,24,https://www.transfermarkt.com/eintracht-frankfurt/startseite/verein/24,€45.00m,45000000,Germany,First Tier
Turkey,Turkiye,11,Kenan Yıldız,845654,https://www.transfermarkt.com/kenan-yildiz/profil/spieler/845654,Left Winger,21,Juventus FC,506,https://www.transfermarkt.com/juventus-turin/startseite/verein/506,€75.00m,75000000,Italy,First Tier
Turkey,Turkiye,21,Barış Alper Yılmaz,541537,https://www.transfermarkt.com/baris-alper-yilmaz/profil/spieler/541537,Left Winger,26,Galatasaray,141,https://www.transfermarkt.com/galatasaray-istanbul/startseite/verein/141,€30.00m,30000000,Türkiye,First Tier
Turkey,Turkiye,7,Kerem Aktürkoğlu,382528,https://www.transfermarkt.com/kerem-akturkoglu/profil/spieler/382528,Left Winger,27,Fenerbahce,36,https://www.transfermarkt.com/fenerbahce-istanbul/startseite/verein/36,€20.00m,20000000,Türkiye,First Tier
Turkey,Turkiye,19,Yunus Akgün,396908,https://www.transfermarkt.com/yunus-akgun/profil/spieler/396908,Right Winger,25,Galatasaray,141,https://www.transfermarkt.com/galatasaray-istanbul/startseite/verein/141,€18.00m,18000000,Türkiye,First Tier
Turkey,Turkiye,24,Oğuz Aydın,563749,https://www.transfermarkt.com/oguz-aydin/profil/spieler/563749,Right Winger,25,Fenerbahce,36,https://www.transfermarkt.com/fenerbahce-istanbul/startseite/verein/36,€7.00m,7000000,Türkiye,First Tier
Turkey,Turkiye,17,İrfan Can Kahveci,216603,https://www.transfermarkt.com/irfan-can-kahveci/profil/spieler/216603,Right Winger,30,Kasimpasa,10484,https://www.transfermarkt.com/kasimpasa/startseite/verein/10484,€3.00m,3000000,Türkiye,First Tier
Turkey,Turkiye,9,Deniz Gül,1063292,https://www.transfermarkt.com/deniz-gul/profil/spieler/1063292,Centre-Forward,21,FC Porto,720,https://www.transfermarkt.com/fc-porto/startseite/verein/720,€5.00m,5000000,Portugal,First Tier
United States,United States,1,Matt Turner,425306,https://www.transfermarkt.com/matt-turner/profil/spieler/425306,Goalkeeper,31,New England Revolution,626,https://www.transfermarkt.com/new-england-revolution/startseite/verein/626,€2.50m,2500000,United States,First Tier
United States,United States,25,Chris Brady,765504,https://www.transfermarkt.com/chris-brady/profil/spieler/765504,Goalkeeper,22,Chicago Fire FC,432,https://www.transfermarkt.com/chicago-fire-fc/startseite/verein/432,€2.50m,2500000,United States,First Tier
United States,United States,24,Matt Freese,500309,https://www.transfermarkt.com/matt-freese/profil/spieler/500309,Goalkeeper,27,New York City FC,40058,https://www.transfermarkt.com/new-york-city-fc/startseite/verein/40058,€2.00m,2000000,United States,First Tier
United States,United States,3,Chris Richards,578539,https://www.transfermarkt.com/chris-richards/profil/spieler/578539,Centre-Back,26,Crystal Palace,873,https://www.transfermarkt.com/crystal-palace/startseite/verein/873,€28.00m,28000000,England,First Tier
United States,United States,22,Mark McKenzie,429259,https://www.transfermarkt.com/mark-mckenzie/profil/spieler/429259,Centre-Back,27,FC Toulouse,415,https://www.transfermarkt.com/fc-toulouse/startseite/verein/415,€7.00m,7000000,France,First Tier
United States,United States,6,Auston Trusty,389253,https://www.transfermarkt.com/auston-trusty/profil/spieler/389253,Centre-Back,27,Celtic FC,371,https://www.transfermarkt.com/celtic-glasgow/startseite/verein/371,€6.00m,6000000,Scotland,First Tier
United States,United States,12,Miles Robinson,468022,https://www.transfermarkt.com/miles-robinson/profil/spieler/468022,Centre-Back,29,FC Cincinnati,51772,https://www.transfermarkt.com/fc-cincinnati/startseite/verein/51772,€3.50m,3500000,United States,First Tier
United States,United States,13,Tim Ream,145466,https://www.transfermarkt.com/tim-ream/profil/spieler/145466,Centre-Back,38,Charlotte FC,78435,https://www.transfermarkt.com/charlotte-fc/startseite/verein/78435,€150k,150000,United States,First Tier
United States,United States,5,Antonee Robinson,349701,https://www.transfermarkt.com/antonee-robinson/profil/spieler/349701,Left-Back,28,Fulham FC,931,https://www.transfermarkt.com/fc-fulham/startseite/verein/931,€22.00m,22000000,England,First Tier
United States,United States,2,Sergiño Dest,361104,https://www.transfermarkt.com/sergino-dest/profil/spieler/361104,Right-Back,25,PSV Eindhoven,383,https://www.transfermarkt.com/psv-eindhoven/startseite/verein/383,€18.00m,18000000,Netherlands,First Tier
United States,United States,23,Joe Scally,504153,https://www.transfermarkt.com/joe-scally/profil/spieler/504153,Right-Back,23,Borussia Mönchengladbach,18,https://www.transfermarkt.com/borussia-monchengladbach/startseite/verein/18,€7.00m,7000000,Germany,First Tier
United States,United States,16,Alex Freeman,985806,https://www.transfermarkt.com/alex-freeman/profil/spieler/985806,Right-Back,21,Villarreal CF,1050,https://www.transfermarkt.com/fc-villarreal/startseite/verein/1050,€3.50m,3500000,Spain,First Tier
United States,United States,4,Tyler Adams,332705,https://www.transfermarkt.com/tyler-adams/profil/spieler/332705,Defensive Midfield,27,AFC Bournemouth,989,https://www.transfermarkt.com/afc-bournemouth/startseite/verein/989,€25.00m,25000000,England,First Tier
United States,United States,8,Weston McKennie,332697,https://www.transfermarkt.com/weston-mckennie/profil/spieler/332697,Central Midfield,27,Juventus FC,506,https://www.transfermarkt.com/juventus-turin/startseite/verein/506,€30.00m,30000000,Italy,First Tier
United States,United States,14,Sebastian Berhalter,734761,https://www.transfermarkt.com/sebastian-berhalter/profil/spieler/734761,Central Midfield,25,Vancouver Whitecaps FC,6321,https://www.transfermarkt.com/vancouver-whitecaps-fc/startseite/verein/6321,€8.00m,8000000,United States,First Tier
United States,United States,15,Cristian Roldán,354792,https://www.transfermarkt.com/cristian-roldan/profil/spieler/354792,Central Midfield,31,Seattle Sounders FC,9636,https://www.transfermarkt.com/seattle-sounders-fc/startseite/verein/9636,€3.50m,3500000,United States,First Tier
United States,United States,21,Timothy Weah,370846,https://www.transfermarkt.com/timothy-weah/profil/spieler/370846,Right Midfield,26,Olympique Marseille,244,https://www.transfermarkt.com/olympique-marseille/startseite/verein/244,€20.00m,20000000,France,First Tier
United States,United States,17,Malik Tillman,467437,https://www.transfermarkt.com/malik-tillman/profil/spieler/467437,Attacking Midfield,24,Bayer 04 Leverkusen,15,https://www.transfermarkt.com/bayer-04-leverkusen/startseite/verein/15,€30.00m,30000000,Germany,First Tier
United States,United States,11,Brenden Aaronson,393323,https://www.transfermarkt.com/brenden-aaronson/profil/spieler/393323,Attacking Midfield,25,Leeds United,399,https://www.transfermarkt.com/leeds-united/startseite/verein/399,€22.00m,22000000,England,First Tier
United States,United States,7,Giovanni Reyna,504215,https://www.transfermarkt.com/giovanni-reyna/profil/spieler/504215,Attacking Midfield,23,Borussia Mönchengladbach,18,https://www.transfermarkt.com/borussia-monchengladbach/startseite/verein/18,€4.00m,4000000,Germany,First Tier
United States,United States,18,Max Arfsten,993063,https://www.transfermarkt.com/max-arfsten/profil/spieler/993063,Left Winger,25,Columbus Crew,813,https://www.transfermarkt.com/columbus-crew-sc/startseite/verein/813,€5.00m,5000000,United States,First Tier
United States,United States,10,Christian Pulisic,315779,https://www.transfermarkt.com/christian-pulisic/profil/spieler/315779,Right Winger,27,AC Milan,5,https://www.transfermarkt.com/ac-mailand/startseite/verein/5,€40.00m,40000000,Italy,First Tier
United States,United States,26,Álex Zendejas,351505,https://www.transfermarkt.com/alex-zendejas/profil/spieler/351505,Right Winger,28,CF América,3631,https://www.transfermarkt.com/cf-america/startseite/verein/3631,€10.00m,10000000,Mexico,First Tier
United States,United States,20,Folarin Balogun,503770,https://www.transfermarkt.com/folarin-balogun/profil/spieler/503770,Centre-Forward,24,AS Monaco,162,https://www.transfermarkt.com/as-monaco/startseite/verein/162,€40.00m,40000000,France,First Tier
United States,United States,9,Ricardo Pepi,627207,https://www.transfermarkt.com/ricardo-pepi/profil/spieler/627207,Centre-Forward,23,PSV Eindhoven,383,https://www.transfermarkt.com/psv-eindhoven/startseite/verein/383,€30.00m,30000000,Netherlands,First Tier
United States,United States,19,Haji Wright,315291,https://www.transfermarkt.com/haji-wright/profil/spieler/315291,Centre-Forward,28,Coventry City,990,https://www.transfermarkt.com/coventry-city/startseite/verein/990,€16.00m,16000000,England,Second Tier
Uruguay,Uruguay,12,Santiago Mele,320739,https://www.transfermarkt.com/santiago-mele/profil/spieler/320739,Goalkeeper,28,CF Monterrey,2407,https://www.transfermarkt.com/cf-monterrey/startseite/verein/2407,€2.00m,2000000,Mexico,First Tier
Uruguay,Uruguay,1,Sergio Rochet,264014,https://www.transfermarkt.com/sergio-rochet/profil/spieler/264014,Goalkeeper,33,Sport Club Internacional,6600,https://www.transfermarkt.com/sc-internacional-porto-alegre/startseite/verein/6600,€1.80m,1800000,Brazil,First Tier
Uruguay,Uruguay,23,Fernando Muslera,58088,https://www.transfermarkt.com/fernando-muslera/profil/spieler/58088,Goalkeeper,39,Club Estudiantes de La Plata,288,https://www.transfermarkt.com/club-estudiantes-de-la-plata/startseite/verein/288,€700k,700000,Argentina,First Tier
Uruguay,Uruguay,4,Ronald Araujo,480267,https://www.transfermarkt.com/ronald-araujo/profil/spieler/480267,Centre-Back,27,FC Barcelona,131,https://www.transfermarkt.com/fc-barcelona/startseite/verein/131,€20.00m,20000000,Spain,First Tier
Uruguay,Uruguay,24,Santiago Bueno,438001,https://www.transfermarkt.com/santiago-bueno/profil/spieler/438001,Centre-Back,27,Wolverhampton Wanderers,543,https://www.transfermarkt.com/wolverhampton-wanderers/startseite/verein/543,€10.00m,10000000,England,First Tier
Uruguay,Uruguay,2,José María Giménez,250845,https://www.transfermarkt.com/jose-maria-gimenez/profil/spieler/250845,Centre-Back,31,Atlético de Madrid,13,https://www.transfermarkt.com/atletico-madrid/startseite/verein/13,€9.00m,9000000,Spain,First Tier
Uruguay,Uruguay,3,Sebastián Cáceres,532389,https://www.transfermarkt.com/sebastian-caceres/profil/spieler/532389,Centre-Back,26,CF América,3631,https://www.transfermarkt.com/cf-america/startseite/verein/3631,€4.50m,4500000,Mexico,First Tier
Uruguay,Uruguay,20,Maxi Araújo,572675,https://www.transfermarkt.com/maxi-araujo/profil/spieler/572675,Left-Back,26,Sporting CP,336,https://www.transfermarkt.com/sporting-lissabon/startseite/verein/336,€35.00m,35000000,Portugal,First Tier
Uruguay,Uruguay,16,Mathías Olivera,376514,https://www.transfermarkt.com/mathias-olivera/profil/spieler/376514,Left-Back,28,SSC Napoli,6195,https://www.transfermarkt.com/ssc-neapel/startseite/verein/6195,€15.00m,15000000,Italy,First Tier
Uruguay,Uruguay,22,Joaquín Piquerez,496268,https://www.transfermarkt.com/joaquin-piquerez/profil/spieler/496268,Left-Back,27,Sociedade Esportiva Palmeiras,1023,https://www.transfermarkt.com/se-palmeiras-sao-paulo/startseite/verein/1023,€12.00m,12000000,Brazil,First Tier
Uruguay,Uruguay,25,Juan Manuel Sanabria,446106,https://www.transfermarkt.com/juan-manuel-sanabria/profil/spieler/446106,Left-Back,26,Real Salt Lake City,6643,https://www.transfermarkt.com/real-salt-lake-city/startseite/verein/6643,€4.00m,4000000,United States,First Tier
Uruguay,Uruguay,17,Matías Viña,439072,https://www.transfermarkt.com/matias-vina/profil/spieler/439072,Left-Back,28,CA River Plate,209,https://www.transfermarkt.com/club-atletico-river-plate/startseite/verein/209,€3.50m,3500000,Argentina,First Tier
Uruguay,Uruguay,13,Guillermo Varela,188862,https://www.transfermarkt.com/guillermo-varela/profil/spieler/188862,Right-Back,33,CR Flamengo,614,https://www.transfermarkt.com/flamengo-rio-de-janeiro/startseite/verein/614,€1.00m,1000000,Brazil,First Tier
Uruguay,Uruguay,5,Manuel Ugarte,476701,https://www.transfermarkt.com/manuel-ugarte/profil/spieler/476701,Defensive Midfield,25,Manchester United,985,https://www.transfermarkt.com/manchester-united/startseite/verein/985,€25.00m,25000000,England,First Tier
Uruguay,Uruguay,6,Rodrigo Bentancur,354362,https://www.transfermarkt.com/rodrigo-bentancur/profil/spieler/354362,Defensive Midfield,28,Tottenham Hotspur,148,https://www.transfermarkt.com/tottenham-hotspur/startseite/verein/148,€20.00m,20000000,England,First Tier
Uruguay,Uruguay,15,Emiliano Martínez,707447,https://www.transfermarkt.com/emiliano-martinez/profil/spieler/707447,Defensive Midfield,26,Sociedade Esportiva Palmeiras,1023,https://www.transfermarkt.com/se-palmeiras-sao-paulo/startseite/verein/1023,€6.50m,6500000,Brazil,First Tier
Uruguay,Uruguay,8,Federico Valverde,369081,https://www.transfermarkt.com/federico-valverde/profil/spieler/369081,Central Midfield,27,Real Madrid,418,https://www.transfermarkt.com/real-madrid/startseite/verein/418,€90.00m,90000000,Spain,First Tier
Uruguay,Uruguay,7,Nicolás de la Cruz,397458,https://www.transfermarkt.com/nicolas-de-la-cruz/profil/spieler/397458,Central Midfield,29,CR Flamengo,614,https://www.transfermarkt.com/flamengo-rio-de-janeiro/startseite/verein/614,€8.00m,8000000,Brazil,First Tier
Uruguay,Uruguay,26,Rodrigo Zalazar,606752,https://www.transfermarkt.com/rodrigo-zalazar/profil/spieler/606752,Attacking Midfield,26,SC Braga,1075,https://www.transfermarkt.com/sc-braga/startseite/verein/1075,€30.00m,30000000,Portugal,First Tier
Uruguay,Uruguay,10,Giorgian de Arrascaeta,248410,https://www.transfermarkt.com/giorgian-de-arrascaeta/profil/spieler/248410,Attacking Midfield,32,CR Flamengo,614,https://www.transfermarkt.com/flamengo-rio-de-janeiro/startseite/verein/614,€14.00m,14000000,Brazil,First Tier
Uruguay,Uruguay,14,Agustín Canobbio,457533,https://www.transfermarkt.com/agustin-canobbio/profil/spieler/457533,Left Winger,27,Fluminense Football Club,2462,https://www.transfermarkt.com/fluminense-rio-de-janeiro/startseite/verein/2462,€8.00m,8000000,Brazil,First Tier
Uruguay,Uruguay,18,Brian Rodríguez,465818,https://www.transfermarkt.com/brian-rodriguez/profil/spieler/465818,Left Winger,26,CF América,3631,https://www.transfermarkt.com/cf-america/startseite/verein/3631,€8.00m,8000000,Mexico,First Tier
Uruguay,Uruguay,11,Facundo Pellistri,676318,https://www.transfermarkt.com/facundo-pellistri/profil/spieler/676318,Right Winger,24,Panathinaikos,265,https://www.transfermarkt.com/panathinaikos-athen/startseite/verein/265,€5.00m,5000000,Greece,First Tier
Uruguay,Uruguay,9,Darwin Núñez,546543,https://www.transfermarkt.com/darwin-nunez/profil/spieler/546543,Centre-Forward,26,Al-Hilal SFC,1114,https://www.transfermarkt.com/al-hilal-riad/startseite/verein/1114,€20.00m,20000000,Saudi Arabia,First Tier
Uruguay,Uruguay,21,Federico Viñas,578419,https://www.transfermarkt.com/federico-vinas/profil/spieler/578419,Centre-Forward,27,Real Oviedo,2497,https://www.transfermarkt.com/real-oviedo/startseite/verein/2497,€4.00m,4000000,Spain,First Tier
Uruguay,Uruguay,19,Rodrigo Aguirre,189410,https://www.transfermarkt.com/rodrigo-aguirre/profil/spieler/189410,Centre-Forward,31,Tigres UANL,7055,https://www.transfermarkt.com/tigres-uanl/startseite/verein/7055,€2.30m,2300000,Mexico,First Tier
Uzbekistan,Uzbekistan,12,Abduvokhid Nematov,527866,https://www.transfermarkt.com/abduvokhid-nematov/profil/spieler/527866,Goalkeeper,25,Nasaf Qarshi,20591,https://www.transfermarkt.com/nasaf-qarshi/startseite/verein/20591,€1.50m,1500000,Uzbekistan,First Tier
Uzbekistan,Uzbekistan,1,Utkir Yusupov,311958,https://www.transfermarkt.com/utkir-yusupov/profil/spieler/311958,Goalkeeper,35,Navbahor Namangan,15310,https://www.transfermarkt.com/navbahor-namangan/startseite/verein/15310,€500k,500000,Uzbekistan,First Tier
Uzbekistan,Uzbekistan,16,Botirali Ergashev,312690,https://www.transfermarkt.com/botirali-ergashev/profil/spieler/312690,Goalkeeper,30,Neftchi Fergana,13306,https://www.transfermarkt.com/neftchi-fergana/startseite/verein/13306,€500k,500000,Uzbekistan,First Tier
Uzbekistan,Uzbekistan,2,Abdukodir Khusanov,763079,https://www.transfermarkt.com/abdukodir-khusanov/profil/spieler/763079,Centre-Back,22,Manchester City,281,https://www.transfermarkt.com/manchester-city/startseite/verein/281,€50.00m,50000000,England,First Tier
Uzbekistan,Uzbekistan,5,Rustam Ashurmatov,288883,https://www.transfermarkt.com/rustam-ashurmatov/profil/spieler/288883,Centre-Back,29,Esteghlal FC,1076,https://www.transfermarkt.com/esteghlal-fc/startseite/verein/1076,€750k,750000,Iran,First Tier
Uzbekistan,Uzbekistan,26,Jakhongir Urozov,989069,https://www.transfermarkt.com/jakhongir-urozov/profil/spieler/989069,Centre-Back,22,Dinamo Samarqand,15300,https://www.transfermarkt.com/dinamo-samarkand/startseite/verein/15300,€600k,600000,Uzbekistan,First Tier
Uzbekistan,Uzbekistan,25,Avazbek Ulmasaliev,538764,https://www.transfermarkt.com/avazbek-ulmasaliev/profil/spieler/538764,Centre-Back,26,FC OKMK Olmaliq,31216,https://www.transfermarkt.com/fk-agmk-olmaliq/startseite/verein/31216,€500k,500000,Uzbekistan,First Tier
Uzbekistan,Uzbekistan,15,Umar Eshmurodov,493725,https://www.transfermarkt.com/umar-eshmurodov/profil/spieler/493725,Centre-Back,33,Nasaf Qarshi,20591,https://www.transfermarkt.com/nasaf-qarshi/startseite/verein/20591,€450k,450000,Uzbekistan,First Tier
Uzbekistan,Uzbekistan,13,Sherzod Nasrullaev,608537,https://www.transfermarkt.com/sherzod-nasrullaev/profil/spieler/608537,Left-Back,27,Pakhtakor Tashkent,3718,https://www.transfermarkt.com/pakhtakor-tashkent/startseite/verein/3718,€1.20m,1200000,Uzbekistan,First Tier
Uzbekistan,Uzbekistan,4,Farrukh Sayfiev,212499,https://www.transfermarkt.com/farrukh-sayfiev/profil/spieler/212499,Left-Back,35,Neftchi Fergana,13306,https://www.transfermarkt.com/neftchi-fergana/startseite/verein/13306,€225k,225000,Uzbekistan,First Tier
Uzbekistan,Uzbekistan,3,Khozhiakbar Alizhonov,492558,https://www.transfermarkt.com/khozhiakbar-alizhonov/profil/spieler/492558,Right-Back,29,Pakhtakor Tashkent,3718,https://www.transfermarkt.com/pakhtakor-tashkent/startseite/verein/3718,€1.30m,1300000,Uzbekistan,First Tier
Uzbekistan,Uzbekistan,24,Bekhruz Karimov,1106187,https://www.transfermarkt.com/bekhruz-karimov/profil/spieler/1106187,Right-Back,18,Surkhon Termiz,65036,https://www.transfermarkt.com/surkhon-termiz/startseite/verein/65036,€350k,350000,Uzbekistan,First Tier
Uzbekistan,Uzbekistan,9,Odildzhon Khamrobekov,288915,https://www.transfermarkt.com/odildzhon-khamrobekov/profil/spieler/288915,Defensive Midfield,30,Tractor FC,12935,https://www.transfermarkt.com/tractor-fc/startseite/verein/12935,€1.00m,1000000,Iran,First Tier
Uzbekistan,Uzbekistan,18,Abdulla Abdullaev,570272,https://www.transfermarkt.com/abdulla-abdullaev/profil/spieler/570272,Defensive Midfield,28,Dibba SCC,44289,https://www.transfermarkt.com/dibba-al-fujairah/startseite/verein/44289,€500k,500000,United Arab Emirates,First Tier
Uzbekistan,Uzbekistan,19,Aziz Ganiev,431911,https://www.transfermarkt.com/aziz-ganiev/profil/spieler/431911,Central Midfield,28,Al-Bataeh CSC,78312,https://www.transfermarkt.com/al-bataeh-club/startseite/verein/78312,€2.00m,2000000,United Arab Emirates,First Tier
Uzbekistan,Uzbekistan,7,Otabek Shukurov,294525,https://www.transfermarkt.com/otabek-shukurov/profil/spieler/294525,Central Midfield,29,FC Baniyas,4785,https://www.transfermarkt.com/fc-baniyas/startseite/verein/4785,€1.50m,1500000,United Arab Emirates,First Tier
Uzbekistan,Uzbekistan,6,Akmal Mozgovoy,562022,https://www.transfermarkt.com/akmal-mozgovoy/profil/spieler/562022,Central Midfield,27,Pakhtakor Tashkent,3718,https://www.transfermarkt.com/pakhtakor-tashkent/startseite/verein/3718,€1.40m,1400000,Uzbekistan,First Tier
Uzbekistan,Uzbekistan,23,Sherzod Esanov,989068,https://www.transfermarkt.com/sherzod-esanov/profil/spieler/989068,Central Midfield,23,FC Buxoro,20151,https://www.transfermarkt.com/fk-bukhara/startseite/verein/20151,€450k,450000,Uzbekistan,First Tier
Uzbekistan,Uzbekistan,8,Jamshid Iskanderov,260857,https://www.transfermarkt.com/jamshid-iskanderov/profil/spieler/260857,Attacking Midfield,32,Neftchi Fergana,13306,https://www.transfermarkt.com/neftchi-fergana/startseite/verein/13306,€1.00m,1000000,Uzbekistan,First Tier
Uzbekistan,Uzbekistan,11,Oston Urunov,492556,https://www.transfermarkt.com/oston-urunov/profil/spieler/492556,Left Winger,25,Persepolis FC,6079,https://www.transfermarkt.com/persepolis-fc/startseite/verein/6079,€2.00m,2000000,Iran,First Tier
Uzbekistan,Uzbekistan,10,Jaloliddin Masharipov,274536,https://www.transfermarkt.com/jaloliddin-masharipov/profil/spieler/274536,Left Winger,32,Esteghlal FC,1076,https://www.transfermarkt.com/esteghlal-fc/startseite/verein/1076,€1.00m,1000000,Iran,First Tier
Uzbekistan,Uzbekistan,22,Abbosbek Fayzullaev,754037,https://www.transfermarkt.com/abbosbek-fayzullaev/profil/spieler/754037,Right Winger,22,Basaksehir FK,6890,https://www.transfermarkt.com/istanbul-basaksehir-fk/startseite/verein/6890,€7.00m,7000000,Türkiye,First Tier
Uzbekistan,Uzbekistan,17,Dostonbek Khamdamov,294502,https://www.transfermarkt.com/dostonbek-khamdamov/profil/spieler/294502,Right Winger,29,Pakhtakor Tashkent,3718,https://www.transfermarkt.com/pakhtakor-tashkent/startseite/verein/3718,€900k,900000,Uzbekistan,First Tier
Uzbekistan,Uzbekistan,14,Eldor Shomurodov,358166,https://www.transfermarkt.com/eldor-shomurodov/profil/spieler/358166,Centre-Forward,30,Basaksehir FK,6890,https://www.transfermarkt.com/istanbul-basaksehir-fk/startseite/verein/6890,€7.00m,7000000,Türkiye,First Tier
Uzbekistan,Uzbekistan,21,Igor Sergeev,185372,https://www.transfermarkt.com/igor-sergeev/profil/spieler/185372,Centre-Forward,33,Persepolis FC,6079,https://www.transfermarkt.com/persepolis-fc/startseite/verein/6079,€1.20m,1200000,Iran,First Tier
Uzbekistan,Uzbekistan,20,Azizbek Amanov,517918,https://www.transfermarkt.com/azizbek-amanov/profil/spieler/517918,Centre-Forward,28,Dinamo Samarqand,15300,https://www.transfermarkt.com/dinamo-samarkand/startseite/verein/15300,€500k,500000,Uzbekistan,First Tier
